id,valid,perf,util-LUT,util-DSP,util-FF,util-BRAM
0,True,1000,0,0,0,0
1,True,1000,0,0,0,0
2,False,0,0,0,0,0
3,False,0,0,0,0,0
4,True,1000,0,0,0,0
5,True,1000,0,0,0,0
6,False,0,0,0,0,0
7,False,0,0,0,0,0
8,False,0,0,0,0,0
9,True,1000,0,0,0,0
10,True,1000,0,0,0,0
11,False,0,0,0,0,0
12,False,0,0,0,0,0
13,True,1000,0,0,0,0
14,True,1000,0,0,0,0
15,True,1000,0,0,0,0
16,False,0,0,0,0,0
17,False,0,0,0,0,0
18,False,0,0,0,0,0
19,False,0,0,0,0,0
20,False,0,0,0,0,0
21,False,0,0,0,0,0
22,False,0,0,0,0,0
23,False,0,0,0,0,0
24,True,1000,0,0,0,0
25,False,0,0,0,0,0
26,False,0,0,0,0,0
27,False,0,0,0,0,0
28,False,0,0,0,0,0
29,False,0,0,0,0,0
30,True,1000,0,0,0,0
31,False,0,0,0,0,0
32,True,1000,0,0,0,0
33,False,0,0,0,0,0
34,True,1000,0,0,0,0
35,False,0,0,0,0,0
36,True,1000,0,0,0,0
37,True,1000,0,0,0,0
38,True,1000,0,0,0,0
39,False,0,0,0,0,0
40,False,0,0,0,0,0
41,True,1000,0,0,0,0
42,False,0,0,0,0,0
43,False,0,0,0,0,0
44,False,0,0,0,0,0
45,False,0,0,0,0,0
46,False,0,0,0,0,0
47,False,0,0,0,0,0
48,False,0,0,0,0,0
49,True,1000,0,0,0,0
50,False,0,0,0,0,0
51,False,0,0,0,0,0
52,True,1000,0,0,0,0
53,False,0,0,0,0,0
54,True,1000,0,0,0,0
55,False,0,0,0,0,0
56,False,0,0,0,0,0
57,False,0,0,0,0,0
58,True,1000,0,0,0,0
59,False,0,0,0,0,0
60,True,1000,0,0,0,0
61,False,0,0,0,0,0
62,False,0,0,0,0,0
63,True,1000,0,0,0,0
64,False,0,0,0,0,0
65,True,1000,0,0,0,0
66,True,1000,0,0,0,0
67,True,1000,0,0,0,0
68,False,0,0,0,0,0
69,False,0,0,0,0,0
70,False,0,0,0,0,0
71,False,0,0,0,0,0
72,False,0,0,0,0,0
73,True,1000,0,0,0,0
74,True,1000,0,0,0,0
75,False,0,0,0,0,0
76,False,0,0,0,0,0
77,False,0,0,0,0,0
78,False,0,0,0,0,0
79,False,0,0,0,0,0
80,True,1000,0,0,0,0
81,False,0,0,0,0,0
82,False,0,0,0,0,0
83,False,0,0,0,0,0
84,False,0,0,0,0,0
85,False,0,0,0,0,0
86,False,0,0,0,0,0
87,True,1000,0,0,0,0
88,False,0,0,0,0,0
89,False,0,0,0,0,0
90,True,1000,0,0,0,0
91,True,1000,0,0,0,0
92,False,0,0,0,0,0
93,True,1000,0,0,0,0
94,False,0,0,0,0,0
95,False,0,0,0,0,0
96,False,0,0,0,0,0
97,False,0,0,0,0,0
98,False,0,0,0,0,0
99,False,0,0,0,0,0
100,False,0,0,0,0,0
101,True,1000,0,0,0,0
102,True,1000,0,0,0,0
103,False,0,0,0,0,0
104,False,0,0,0,0,0
105,True,1000,0,0,0,0
106,False,0,0,0,0,0
107,True,1000,0,0,0,0
108,False,0,0,0,0,0
109,True,1000,0,0,0,0
110,False,0,0,0,0,0
111,True,1000,0,0,0,0
112,False,0,0,0,0,0
113,False,0,0,0,0,0
114,False,0,0,0,0,0
115,False,0,0,0,0,0
116,False,0,0,0,0,0
117,False,0,0,0,0,0
118,False,0,0,0,0,0
119,False,0,0,0,0,0
120,False,0,0,0,0,0
121,False,0,0,0,0,0
122,False,0,0,0,0,0
123,False,0,0,0,0,0
124,True,1000,0,0,0,0
125,False,0,0,0,0,0
126,False,0,0,0,0,0
127,False,0,0,0,0,0
128,True,1000,0,0,0,0
129,False,0,0,0,0,0
130,False,0,0,0,0,0
131,False,0,0,0,0,0
132,False,0,0,0,0,0
133,True,1000,0,0,0,0
134,False,0,0,0,0,0
135,True,1000,0,0,0,0
136,True,1000,0,0,0,0
137,False,0,0,0,0,0
138,False,0,0,0,0,0
139,False,0,0,0,0,0
140,False,0,0,0,0,0
141,True,1000,0,0,0,0
142,True,1000,0,0,0,0
143,False,0,0,0,0,0
144,False,0,0,0,0,0
145,False,0,0,0,0,0
146,False,0,0,0,0,0
147,False,0,0,0,0,0
148,True,1000,0,0,0,0
149,False,0,0,0,0,0
150,False,0,0,0,0,0
151,False,0,0,0,0,0
152,True,1000,0,0,0,0
153,False,0,0,0,0,0
154,True,1000,0,0,0,0
155,True,1000,0,0,0,0
156,False,0,0,0,0,0
157,True,1000,0,0,0,0
158,False,0,0,0,0,0
159,False,0,0,0,0,0
160,True,1000,0,0,0,0
161,True,1000,0,0,0,0
162,False,0,0,0,0,0
163,False,0,0,0,0,0
164,True,1000,0,0,0,0
165,False,0,0,0,0,0
166,False,0,0,0,0,0
167,True,1000,0,0,0,0
168,False,0,0,0,0,0
169,False,0,0,0,0,0
170,True,1000,0,0,0,0
171,False,0,0,0,0,0
172,True,1000,0,0,0,0
173,False,0,0,0,0,0
174,False,0,0,0,0,0
175,True,1000,0,0,0,0
176,False,0,0,0,0,0
177,True,1000,0,0,0,0
178,False,0,0,0,0,0
179,False,0,0,0,0,0
180,True,1000,0,0,0,0
181,False,0,0,0,0,0
182,False,0,0,0,0,0
183,True,1000,0,0,0,0
184,False,0,0,0,0,0
185,False,0,0,0,0,0
186,False,0,0,0,0,0
187,False,0,0,0,0,0
188,False,0,0,0,0,0
189,True,1000,0,0,0,0
190,False,0,0,0,0,0
191,False,0,0,0,0,0
192,True,1000,0,0,0,0
193,True,1000,0,0,0,0
194,False,0,0,0,0,0
195,True,1000,0,0,0,0
196,False,0,0,0,0,0
197,False,0,0,0,0,0
198,False,0,0,0,0,0
199,False,0,0,0,0,0
200,True,1000,0,0,0,0
201,False,0,0,0,0,0
202,False,0,0,0,0,0
203,False,0,0,0,0,0
204,False,0,0,0,0,0
205,True,1000,0,0,0,0
206,False,0,0,0,0,0
207,False,0,0,0,0,0
208,False,0,0,0,0,0
209,True,1000,0,0,0,0
210,False,0,0,0,0,0
211,True,1000,0,0,0,0
212,True,1000,0,0,0,0
213,False,0,0,0,0,0
214,True,1000,0,0,0,0
215,False,0,0,0,0,0
216,True,1000,0,0,0,0
217,False,0,0,0,0,0
218,True,1000,0,0,0,0
219,False,0,0,0,0,0
220,True,1000,0,0,0,0
221,False,0,0,0,0,0
222,False,0,0,0,0,0
223,False,0,0,0,0,0
224,False,0,0,0,0,0
225,False,0,0,0,0,0
226,False,0,0,0,0,0
227,True,1000,0,0,0,0
228,False,0,0,0,0,0
229,False,0,0,0,0,0
230,True,1000,0,0,0,0
231,True,1000,0,0,0,0
232,False,0,0,0,0,0
233,True,1000,0,0,0,0
234,False,0,0,0,0,0
235,True,1000,0,0,0,0
236,False,0,0,0,0,0
237,True,1000,0,0,0,0
238,False,0,0,0,0,0
239,True,1000,0,0,0,0
240,False,0,0,0,0,0
241,False,0,0,0,0,0
242,False,0,0,0,0,0
243,True,1000,0,0,0,0
244,False,0,0,0,0,0
245,False,0,0,0,0,0
246,True,1000,0,0,0,0
247,False,0,0,0,0,0
248,True,1000,0,0,0,0
249,False,0,0,0,0,0
250,False,0,0,0,0,0
251,False,0,0,0,0,0
252,True,1000,0,0,0,0
253,False,0,0,0,0,0
254,False,0,0,0,0,0
255,True,1000,0,0,0,0
256,False,0,0,0,0,0
257,False,0,0,0,0,0
258,True,1000,0,0,0,0
259,True,1000,0,0,0,0
260,True,1000,0,0,0,0
261,False,0,0,0,0,0
262,True,1000,0,0,0,0
263,True,1000,0,0,0,0
264,False,0,0,0,0,0
265,False,0,0,0,0,0
266,True,1000,0,0,0,0
267,False,0,0,0,0,0
268,False,0,0,0,0,0
269,True,1000,0,0,0,0
270,True,1000,0,0,0,0
271,True,1000,0,0,0,0
272,False,0,0,0,0,0
273,False,0,0,0,0,0
274,False,0,0,0,0,0
275,False,0,0,0,0,0
276,False,0,0,0,0,0
277,False,0,0,0,0,0
278,False,0,0,0,0,0
279,False,0,0,0,0,0
280,False,0,0,0,0,0
281,False,0,0,0,0,0
282,False,0,0,0,0,0
283,True,1000,0,0,0,0
284,True,1000,0,0,0,0
285,False,0,0,0,0,0
286,True,1000,0,0,0,0
287,False,0,0,0,0,0
288,False,0,0,0,0,0
289,False,0,0,0,0,0
290,False,0,0,0,0,0
291,True,1000,0,0,0,0
292,False,0,0,0,0,0
293,False,0,0,0,0,0
294,True,1000,0,0,0,0
295,False,0,0,0,0,0
296,True,1000,0,0,0,0
297,False,0,0,0,0,0
298,False,0,0,0,0,0
299,False,0,0,0,0,0
300,False,0,0,0,0,0
301,False,0,0,0,0,0
302,True,1000,0,0,0,0
303,True,1000,0,0,0,0
304,True,1000,0,0,0,0
305,False,0,0,0,0,0
306,False,0,0,0,0,0
307,True,1000,0,0,0,0
308,True,1000,0,0,0,0
309,False,0,0,0,0,0
310,True,1000,0,0,0,0
311,False,0,0,0,0,0
312,False,0,0,0,0,0
313,True,1000,0,0,0,0
314,False,0,0,0,0,0
315,False,0,0,0,0,0
316,False,0,0,0,0,0
317,False,0,0,0,0,0
318,True,1000,0,0,0,0
319,True,1000,0,0,0,0
320,False,0,0,0,0,0
321,False,0,0,0,0,0
322,False,0,0,0,0,0
323,False,0,0,0,0,0
324,False,0,0,0,0,0
325,True,1000,0,0,0,0
326,False,0,0,0,0,0
327,False,0,0,0,0,0
328,False,0,0,0,0,0
329,False,0,0,0,0,0
330,True,1000,0,0,0,0
331,False,0,0,0,0,0
332,False,0,0,0,0,0
333,False,0,0,0,0,0
334,False,0,0,0,0,0
335,True,1000,0,0,0,0
336,False,0,0,0,0,0
337,True,1000,0,0,0,0
338,False,0,0,0,0,0
339,False,0,0,0,0,0
340,False,0,0,0,0,0
341,False,0,0,0,0,0
342,False,0,0,0,0,0
343,False,0,0,0,0,0
344,False,0,0,0,0,0
345,False,0,0,0,0,0
346,True,1000,0,0,0,0
347,True,1000,0,0,0,0
348,False,0,0,0,0,0
349,False,0,0,0,0,0
350,True,1000,0,0,0,0
351,True,1000,0,0,0,0
352,True,1000,0,0,0,0
353,False,0,0,0,0,0
354,False,0,0,0,0,0
355,False,0,0,0,0,0
356,False,0,0,0,0,0
357,True,1000,0,0,0,0
358,False,0,0,0,0,0
359,False,0,0,0,0,0
360,False,0,0,0,0,0
361,False,0,0,0,0,0
362,True,1000,0,0,0,0
363,False,0,0,0,0,0
364,False,0,0,0,0,0
365,True,1000,0,0,0,0
366,True,1000,0,0,0,0
367,False,0,0,0,0,0
368,False,0,0,0,0,0
369,False,0,0,0,0,0
370,True,1000,0,0,0,0
371,True,1000,0,0,0,0
372,True,1000,0,0,0,0
373,False,0,0,0,0,0
374,False,0,0,0,0,0
375,True,1000,0,0,0,0
376,True,1000,0,0,0,0
377,False,0,0,0,0,0
378,True,1000,0,0,0,0
379,False,0,0,0,0,0
380,False,0,0,0,0,0
381,False,0,0,0,0,0
382,False,0,0,0,0,0
383,True,1000,0,0,0,0
384,False,0,0,0,0,0
385,True,1000,0,0,0,0
386,True,1000,0,0,0,0
387,False,0,0,0,0,0
388,True,1000,0,0,0,0
389,True,1000,0,0,0,0
390,False,0,0,0,0,0
391,False,0,0,0,0,0
392,True,1000,0,0,0,0
393,False,0,0,0,0,0
394,True,1000,0,0,0,0
395,True,1000,0,0,0,0
396,True,1000,0,0,0,0
397,False,0,0,0,0,0
398,False,0,0,0,0,0
399,True,1000,0,0,0,0
400,False,0,0,0,0,0
401,False,0,0,0,0,0
402,True,1000,0,0,0,0
403,False,0,0,0,0,0
404,False,0,0,0,0,0
405,False,0,0,0,0,0
406,False,0,0,0,0,0
407,False,0,0,0,0,0
408,False,0,0,0,0,0
409,False,0,0,0,0,0
410,False,0,0,0,0,0
411,False,0,0,0,0,0
412,False,0,0,0,0,0
413,False,0,0,0,0,0
414,False,0,0,0,0,0
415,False,0,0,0,0,0
416,False,0,0,0,0,0
417,False,0,0,0,0,0
418,False,0,0,0,0,0
419,False,0,0,0,0,0
420,False,0,0,0,0,0
421,False,0,0,0,0,0
422,True,1000,0,0,0,0
423,False,0,0,0,0,0
424,False,0,0,0,0,0
425,False,0,0,0,0,0
426,False,0,0,0,0,0
427,False,0,0,0,0,0
428,True,1000,0,0,0,0
429,False,0,0,0,0,0
430,False,0,0,0,0,0
431,False,0,0,0,0,0
432,True,1000,0,0,0,0
433,False,0,0,0,0,0
434,False,0,0,0,0,0
435,False,0,0,0,0,0
436,False,0,0,0,0,0
437,False,0,0,0,0,0
438,False,0,0,0,0,0
439,False,0,0,0,0,0
440,False,0,0,0,0,0
441,False,0,0,0,0,0
442,False,0,0,0,0,0
443,False,0,0,0,0,0
444,False,0,0,0,0,0
445,False,0,0,0,0,0
446,False,0,0,0,0,0
447,False,0,0,0,0,0
448,False,0,0,0,0,0
449,False,0,0,0,0,0
450,False,0,0,0,0,0
451,False,0,0,0,0,0
452,False,0,0,0,0,0
453,False,0,0,0,0,0
454,False,0,0,0,0,0
455,False,0,0,0,0,0
456,False,0,0,0,0,0
457,False,0,0,0,0,0
458,False,0,0,0,0,0
459,False,0,0,0,0,0
460,False,0,0,0,0,0
461,False,0,0,0,0,0
462,False,0,0,0,0,0
463,False,0,0,0,0,0
464,True,1000,0,0,0,0
465,False,0,0,0,0,0
466,False,0,0,0,0,0
467,False,0,0,0,0,0
468,True,1000,0,0,0,0
469,False,0,0,0,0,0
470,False,0,0,0,0,0
471,False,0,0,0,0,0
472,False,0,0,0,0,0
473,False,0,0,0,0,0
474,False,0,0,0,0,0
475,True,1000,0,0,0,0
476,False,0,0,0,0,0
477,False,0,0,0,0,0
478,False,0,0,0,0,0
479,False,0,0,0,0,0
480,False,0,0,0,0,0
481,False,0,0,0,0,0
482,False,0,0,0,0,0
483,False,0,0,0,0,0
484,False,0,0,0,0,0
485,False,0,0,0,0,0
486,False,0,0,0,0,0
487,False,0,0,0,0,0
488,True,1000,0,0,0,0
489,False,0,0,0,0,0
490,True,1000,0,0,0,0
491,False,0,0,0,0,0
492,False,0,0,0,0,0
493,False,0,0,0,0,0
494,False,0,0,0,0,0
495,False,0,0,0,0,0
496,False,0,0,0,0,0
497,False,0,0,0,0,0
498,False,0,0,0,0,0
499,False,0,0,0,0,0
500,False,0,0,0,0,0
501,False,0,0,0,0,0
502,False,0,0,0,0,0
503,False,0,0,0,0,0
504,False,0,0,0,0,0
505,False,0,0,0,0,0
506,False,0,0,0,0,0
507,True,1000,0,0,0,0
508,False,0,0,0,0,0
509,False,0,0,0,0,0
510,False,0,0,0,0,0
511,False,0,0,0,0,0
512,False,0,0,0,0,0
513,False,0,0,0,0,0
514,False,0,0,0,0,0
515,False,0,0,0,0,0
516,False,0,0,0,0,0
517,False,0,0,0,0,0
518,True,1000,0,0,0,0
519,False,0,0,0,0,0
520,False,0,0,0,0,0
521,False,0,0,0,0,0
522,False,0,0,0,0,0
523,False,0,0,0,0,0
524,False,0,0,0,0,0
525,False,0,0,0,0,0
526,False,0,0,0,0,0
527,False,0,0,0,0,0
528,False,0,0,0,0,0
529,False,0,0,0,0,0
530,False,0,0,0,0,0
531,False,0,0,0,0,0
532,True,1000,0,0,0,0
533,False,0,0,0,0,0
534,False,0,0,0,0,0
535,True,1000,0,0,0,0
536,False,0,0,0,0,0
537,True,1000,0,0,0,0
538,False,0,0,0,0,0
539,False,0,0,0,0,0
540,False,0,0,0,0,0
541,False,0,0,0,0,0
542,False,0,0,0,0,0
543,False,0,0,0,0,0
544,False,0,0,0,0,0
545,False,0,0,0,0,0
546,False,0,0,0,0,0
547,False,0,0,0,0,0
548,False,0,0,0,0,0
549,False,0,0,0,0,0
550,False,0,0,0,0,0
551,False,0,0,0,0,0
552,False,0,0,0,0,0
553,False,0,0,0,0,0
554,False,0,0,0,0,0
555,False,0,0,0,0,0
556,True,1000,0,0,0,0
557,False,0,0,0,0,0
558,False,0,0,0,0,0
559,False,0,0,0,0,0
560,False,0,0,0,0,0
561,False,0,0,0,0,0
562,False,0,0,0,0,0
563,False,0,0,0,0,0
564,False,0,0,0,0,0
565,False,0,0,0,0,0
566,False,0,0,0,0,0
567,False,0,0,0,0,0
568,False,0,0,0,0,0
569,False,0,0,0,0,0
570,False,0,0,0,0,0
571,False,0,0,0,0,0
572,False,0,0,0,0,0
573,False,0,0,0,0,0
574,False,0,0,0,0,0
575,False,0,0,0,0,0
576,False,0,0,0,0,0
577,True,1000,0,0,0,0
578,False,0,0,0,0,0
579,False,0,0,0,0,0
580,False,0,0,0,0,0
581,False,0,0,0,0,0
582,False,0,0,0,0,0
583,False,0,0,0,0,0
584,False,0,0,0,0,0
585,False,0,0,0,0,0
586,False,0,0,0,0,0
587,False,0,0,0,0,0
588,False,0,0,0,0,0
589,False,0,0,0,0,0
590,False,0,0,0,0,0
591,True,1000,0,0,0,0
592,False,0,0,0,0,0
593,False,0,0,0,0,0
594,False,0,0,0,0,0
595,False,0,0,0,0,0
596,False,0,0,0,0,0
597,False,0,0,0,0,0
598,False,0,0,0,0,0
599,False,0,0,0,0,0
600,False,0,0,0,0,0
601,False,0,0,0,0,0
602,False,0,0,0,0,0
603,False,0,0,0,0,0
604,False,0,0,0,0,0
605,False,0,0,0,0,0
606,False,0,0,0,0,0
607,False,0,0,0,0,0
608,False,0,0,0,0,0
609,False,0,0,0,0,0
610,False,0,0,0,0,0
611,False,0,0,0,0,0
612,False,0,0,0,0,0
613,False,0,0,0,0,0
614,False,0,0,0,0,0
615,False,0,0,0,0,0
616,False,0,0,0,0,0
617,False,0,0,0,0,0
618,False,0,0,0,0,0
619,False,0,0,0,0,0
620,False,0,0,0,0,0
621,False,0,0,0,0,0
622,False,0,0,0,0,0
623,False,0,0,0,0,0
624,False,0,0,0,0,0
625,False,0,0,0,0,0
626,False,0,0,0,0,0
627,False,0,0,0,0,0
628,True,1000,0,0,0,0
629,False,0,0,0,0,0
630,False,0,0,0,0,0
631,False,0,0,0,0,0
632,False,0,0,0,0,0
633,False,0,0,0,0,0
634,False,0,0,0,0,0
635,False,0,0,0,0,0
636,False,0,0,0,0,0
637,False,0,0,0,0,0
638,False,0,0,0,0,0
639,False,0,0,0,0,0
640,False,0,0,0,0,0
641,False,0,0,0,0,0
642,False,0,0,0,0,0
643,True,1000,0,0,0,0
644,False,0,0,0,0,0
645,False,0,0,0,0,0
646,False,0,0,0,0,0
647,False,0,0,0,0,0
648,False,0,0,0,0,0
649,False,0,0,0,0,0
650,False,0,0,0,0,0
651,False,0,0,0,0,0
652,True,1000,0,0,0,0
653,False,0,0,0,0,0
654,False,0,0,0,0,0
655,False,0,0,0,0,0
656,False,0,0,0,0,0
657,False,0,0,0,0,0
658,False,0,0,0,0,0
659,False,0,0,0,0,0
660,False,0,0,0,0,0
661,False,0,0,0,0,0
662,True,1000,0,0,0,0
663,False,0,0,0,0,0
664,False,0,0,0,0,0
665,False,0,0,0,0,0
666,False,0,0,0,0,0
667,False,0,0,0,0,0
668,False,0,0,0,0,0
669,False,0,0,0,0,0
670,False,0,0,0,0,0
671,False,0,0,0,0,0
672,False,0,0,0,0,0
673,True,1000,0,0,0,0
674,False,0,0,0,0,0
675,True,1000,0,0,0,0
676,False,0,0,0,0,0
677,False,0,0,0,0,0
678,False,0,0,0,0,0
679,False,0,0,0,0,0
680,False,0,0,0,0,0
681,False,0,0,0,0,0
682,False,0,0,0,0,0
683,False,0,0,0,0,0
684,False,0,0,0,0,0
685,False,0,0,0,0,0
686,False,0,0,0,0,0
687,False,0,0,0,0,0
688,True,1000,0,0,0,0
689,True,1000,0,0,0,0
690,False,0,0,0,0,0
691,False,0,0,0,0,0
692,False,0,0,0,0,0
693,False,0,0,0,0,0
694,False,0,0,0,0,0
695,True,1000,0,0,0,0
696,False,0,0,0,0,0
697,False,0,0,0,0,0
698,False,0,0,0,0,0
699,False,0,0,0,0,0
700,False,0,0,0,0,0
701,False,0,0,0,0,0
702,False,0,0,0,0,0
703,False,0,0,0,0,0
704,False,0,0,0,0,0
705,False,0,0,0,0,0
706,False,0,0,0,0,0
707,False,0,0,0,0,0
708,False,0,0,0,0,0
709,False,0,0,0,0,0
710,False,0,0,0,0,0
711,True,1000,0,0,0,0
712,False,0,0,0,0,0
713,False,0,0,0,0,0
714,False,0,0,0,0,0
715,False,0,0,0,0,0
716,False,0,0,0,0,0
717,False,0,0,0,0,0
718,False,0,0,0,0,0
719,False,0,0,0,0,0
720,False,0,0,0,0,0
721,False,0,0,0,0,0
722,True,1000,0,0,0,0
723,False,0,0,0,0,0
724,False,0,0,0,0,0
725,False,0,0,0,0,0
726,False,0,0,0,0,0
727,False,0,0,0,0,0
728,False,0,0,0,0,0
729,False,0,0,0,0,0
730,False,0,0,0,0,0
731,False,0,0,0,0,0
732,False,0,0,0,0,0
733,False,0,0,0,0,0
734,False,0,0,0,0,0
735,False,0,0,0,0,0
736,False,0,0,0,0,0
737,False,0,0,0,0,0
738,False,0,0,0,0,0
739,False,0,0,0,0,0
740,False,0,0,0,0,0
741,False,0,0,0,0,0
742,False,0,0,0,0,0
743,False,0,0,0,0,0
744,False,0,0,0,0,0
745,False,0,0,0,0,0
746,False,0,0,0,0,0
747,True,1000,0,0,0,0
748,True,1000,0,0,0,0
749,False,0,0,0,0,0
750,False,0,0,0,0,0
751,False,0,0,0,0,0
752,False,0,0,0,0,0
753,False,0,0,0,0,0
754,False,0,0,0,0,0
755,False,0,0,0,0,0
756,False,0,0,0,0,0
757,False,0,0,0,0,0
758,False,0,0,0,0,0
759,True,1000,0,0,0,0
760,False,0,0,0,0,0
761,False,0,0,0,0,0
762,False,0,0,0,0,0
763,False,0,0,0,0,0
764,False,0,0,0,0,0
765,False,0,0,0,0,0
766,False,0,0,0,0,0
767,False,0,0,0,0,0
768,False,0,0,0,0,0
769,True,1000,0,0,0,0
770,False,0,0,0,0,0
771,True,1000,0,0,0,0
772,False,0,0,0,0,0
773,False,0,0,0,0,0
774,False,0,0,0,0,0
775,False,0,0,0,0,0
776,False,0,0,0,0,0
777,True,1000,0,0,0,0
778,False,0,0,0,0,0
779,False,0,0,0,0,0
780,False,0,0,0,0,0
781,False,0,0,0,0,0
782,True,1000,0,0,0,0
783,False,0,0,0,0,0
784,False,0,0,0,0,0
785,False,0,0,0,0,0
786,False,0,0,0,0,0
787,False,0,0,0,0,0
788,True,1000,0,0,0,0
789,False,0,0,0,0,0
790,False,0,0,0,0,0
791,False,0,0,0,0,0
792,False,0,0,0,0,0
793,False,0,0,0,0,0
794,True,1000,0,0,0,0
795,True,1000,0,0,0,0
796,False,0,0,0,0,0
797,False,0,0,0,0,0
798,False,0,0,0,0,0
799,False,0,0,0,0,0
800,False,0,0,0,0,0
801,False,0,0,0,0,0
802,False,0,0,0,0,0
803,False,0,0,0,0,0
804,False,0,0,0,0,0
805,False,0,0,0,0,0
806,False,0,0,0,0,0
807,True,1000,0,0,0,0
808,True,1000,0,0,0,0
809,False,0,0,0,0,0
810,False,0,0,0,0,0
811,False,0,0,0,0,0
812,False,0,0,0,0,0
813,True,1000,0,0,0,0
814,False,0,0,0,0,0
815,False,0,0,0,0,0
816,False,0,0,0,0,0
817,False,0,0,0,0,0
818,False,0,0,0,0,0
819,False,0,0,0,0,0
820,False,0,0,0,0,0
821,True,1000,0,0,0,0
822,False,0,0,0,0,0
823,False,0,0,0,0,0
824,True,1000,0,0,0,0
825,False,0,0,0,0,0
826,False,0,0,0,0,0
827,True,1000,0,0,0,0
828,False,0,0,0,0,0
829,False,0,0,0,0,0
830,False,0,0,0,0,0
831,False,0,0,0,0,0
832,False,0,0,0,0,0
833,False,0,0,0,0,0
834,False,0,0,0,0,0
835,False,0,0,0,0,0
836,False,0,0,0,0,0
837,False,0,0,0,0,0
838,True,1000,0,0,0,0
839,False,0,0,0,0,0
840,True,1000,0,0,0,0
841,False,0,0,0,0,0
842,False,0,0,0,0,0
843,True,1000,0,0,0,0
844,True,1000,0,0,0,0
845,False,0,0,0,0,0
846,False,0,0,0,0,0
847,False,0,0,0,0,0
848,False,0,0,0,0,0
849,False,0,0,0,0,0
850,False,0,0,0,0,0
851,False,0,0,0,0,0
852,False,0,0,0,0,0
853,False,0,0,0,0,0
854,False,0,0,0,0,0
855,False,0,0,0,0,0
856,False,0,0,0,0,0
857,False,0,0,0,0,0
858,False,0,0,0,0,0
859,False,0,0,0,0,0
860,False,0,0,0,0,0
861,False,0,0,0,0,0
862,False,0,0,0,0,0
863,False,0,0,0,0,0
864,False,0,0,0,0,0
865,False,0,0,0,0,0
866,False,0,0,0,0,0
867,False,0,0,0,0,0
868,False,0,0,0,0,0
869,False,0,0,0,0,0
870,False,0,0,0,0,0
871,False,0,0,0,0,0
872,False,0,0,0,0,0
873,False,0,0,0,0,0
874,True,1000,0,0,0,0
875,False,0,0,0,0,0
876,False,0,0,0,0,0
877,False,0,0,0,0,0
878,False,0,0,0,0,0
879,True,1000,0,0,0,0
880,False,0,0,0,0,0
881,False,0,0,0,0,0
882,False,0,0,0,0,0
883,False,0,0,0,0,0
884,False,0,0,0,0,0
885,False,0,0,0,0,0
886,False,0,0,0,0,0
887,True,1000,0,0,0,0
888,False,0,0,0,0,0
889,False,0,0,0,0,0
890,False,0,0,0,0,0
891,False,0,0,0,0,0
892,False,0,0,0,0,0
893,True,1000,0,0,0,0
894,False,0,0,0,0,0
895,False,0,0,0,0,0
896,False,0,0,0,0,0
897,False,0,0,0,0,0
898,False,0,0,0,0,0
899,True,1000,0,0,0,0
900,False,0,0,0,0,0
901,True,1000,0,0,0,0
902,False,0,0,0,0,0
903,False,0,0,0,0,0
904,False,0,0,0,0,0
905,False,0,0,0,0,0
906,False,0,0,0,0,0
907,True,1000,0,0,0,0
908,True,1000,0,0,0,0
909,False,0,0,0,0,0
910,False,0,0,0,0,0
911,False,0,0,0,0,0
912,True,1000,0,0,0,0
913,False,0,0,0,0,0
914,False,0,0,0,0,0
915,False,0,0,0,0,0
916,True,1000,0,0,0,0
917,False,0,0,0,0,0
918,False,0,0,0,0,0
919,False,0,0,0,0,0
920,False,0,0,0,0,0
921,False,0,0,0,0,0
922,False,0,0,0,0,0
923,True,1000,0,0,0,0
924,True,1000,0,0,0,0
925,False,0,0,0,0,0
926,False,0,0,0,0,0
927,False,0,0,0,0,0
928,False,0,0,0,0,0
929,False,0,0,0,0,0
930,True,1000,0,0,0,0
931,False,0,0,0,0,0
932,False,0,0,0,0,0
933,False,0,0,0,0,0
934,False,0,0,0,0,0
935,True,1000,0,0,0,0
936,False,0,0,0,0,0
937,False,0,0,0,0,0
938,False,0,0,0,0,0
939,False,0,0,0,0,0
940,False,0,0,0,0,0
941,True,1000,0,0,0,0
942,True,1000,0,0,0,0
943,False,0,0,0,0,0
944,False,0,0,0,0,0
945,False,0,0,0,0,0
946,True,1000,0,0,0,0
947,False,0,0,0,0,0
948,False,0,0,0,0,0
949,False,0,0,0,0,0
950,False,0,0,0,0,0
951,False,0,0,0,0,0
952,False,0,0,0,0,0
953,False,0,0,0,0,0
954,False,0,0,0,0,0
955,False,0,0,0,0,0
956,False,0,0,0,0,0
957,False,0,0,0,0,0
958,False,0,0,0,0,0
959,False,0,0,0,0,0
960,True,1000,0,0,0,0
961,False,0,0,0,0,0
962,False,0,0,0,0,0
963,False,0,0,0,0,0
964,False,0,0,0,0,0
965,False,0,0,0,0,0
966,False,0,0,0,0,0
967,False,0,0,0,0,0
968,False,0,0,0,0,0
969,False,0,0,0,0,0
970,False,0,0,0,0,0
971,False,0,0,0,0,0
972,False,0,0,0,0,0
973,False,0,0,0,0,0
974,False,0,0,0,0,0
975,False,0,0,0,0,0
976,True,1000,0,0,0,0
977,True,1000,0,0,0,0
978,False,0,0,0,0,0
979,False,0,0,0,0,0
980,True,1000,0,0,0,0
981,False,0,0,0,0,0
982,False,0,0,0,0,0
983,False,0,0,0,0,0
984,False,0,0,0,0,0
985,False,0,0,0,0,0
986,False,0,0,0,0,0
987,True,1000,0,0,0,0
988,True,1000,0,0,0,0
989,False,0,0,0,0,0
990,True,1000,0,0,0,0
991,True,1000,0,0,0,0
992,False,0,0,0,0,0
993,False,0,0,0,0,0
994,False,0,0,0,0,0
995,False,0,0,0,0,0
996,False,0,0,0,0,0
997,False,0,0,0,0,0
998,False,0,0,0,0,0
999,False,0,0,0,0,0
1000,False,0,0,0,0,0
1001,True,1000,0,0,0,0
1002,False,0,0,0,0,0
1003,False,0,0,0,0,0
1004,False,0,0,0,0,0
1005,False,0,0,0,0,0
1006,True,1000,0,0,0,0
1007,False,0,0,0,0,0
1008,False,0,0,0,0,0
1009,False,0,0,0,0,0
1010,True,1000,0,0,0,0
1011,False,0,0,0,0,0
1012,False,0,0,0,0,0
1013,False,0,0,0,0,0
1014,True,1000,0,0,0,0
1015,False,0,0,0,0,0
1016,False,0,0,0,0,0
1017,False,0,0,0,0,0
1018,False,0,0,0,0,0
1019,False,0,0,0,0,0
1020,False,0,0,0,0,0
1021,True,1000,0,0,0,0
1022,False,0,0,0,0,0
1023,False,0,0,0,0,0
1024,True,1000,0,0,0,0
1025,False,0,0,0,0,0
1026,True,1000,0,0,0,0
1027,True,1000,0,0,0,0
1028,True,1000,0,0,0,0
1029,False,0,0,0,0,0
1030,False,0,0,0,0,0
1031,False,0,0,0,0,0
1032,False,0,0,0,0,0
1033,True,1000,0,0,0,0
1034,True,1000,0,0,0,0
1035,False,0,0,0,0,0
1036,False,0,0,0,0,0
1037,True,1000,0,0,0,0
1038,True,1000,0,0,0,0
1039,False,0,0,0,0,0
1040,True,1000,0,0,0,0
1041,False,0,0,0,0,0
1042,False,0,0,0,0,0
1043,False,0,0,0,0,0
1044,True,1000,0,0,0,0
1045,False,0,0,0,0,0
1046,False,0,0,0,0,0
1047,True,1000,0,0,0,0
1048,True,1000,0,0,0,0
1049,False,0,0,0,0,0
1050,False,0,0,0,0,0
1051,False,0,0,0,0,0
1052,True,1000,0,0,0,0
1053,False,0,0,0,0,0
1054,True,1000,0,0,0,0
1055,False,0,0,0,0,0
1056,False,0,0,0,0,0
1057,False,0,0,0,0,0
1058,False,0,0,0,0,0
1059,False,0,0,0,0,0
1060,False,0,0,0,0,0
1061,False,0,0,0,0,0
1062,False,0,0,0,0,0
1063,False,0,0,0,0,0
1064,False,0,0,0,0,0
1065,False,0,0,0,0,0
1066,False,0,0,0,0,0
1067,True,1000,0,0,0,0
1068,True,1000,0,0,0,0
1069,False,0,0,0,0,0
1070,False,0,0,0,0,0
1071,False,0,0,0,0,0
1072,False,0,0,0,0,0
1073,False,0,0,0,0,0
1074,False,0,0,0,0,0
1075,False,0,0,0,0,0
1076,True,1000,0,0,0,0
1077,False,0,0,0,0,0
1078,True,1000,0,0,0,0
1079,False,0,0,0,0,0
1080,False,0,0,0,0,0
1081,False,0,0,0,0,0
1082,True,1000,0,0,0,0
1083,False,0,0,0,0,0
1084,True,1000,0,0,0,0
1085,False,0,0,0,0,0
1086,False,0,0,0,0,0
1087,False,0,0,0,0,0
1088,False,0,0,0,0,0
1089,False,0,0,0,0,0
1090,False,0,0,0,0,0
1091,True,1000,0,0,0,0
1092,False,0,0,0,0,0
1093,False,0,0,0,0,0
1094,True,1000,0,0,0,0
1095,False,0,0,0,0,0
1096,False,0,0,0,0,0
1097,False,0,0,0,0,0
1098,False,0,0,0,0,0
1099,True,1000,0,0,0,0
1100,False,0,0,0,0,0
1101,False,0,0,0,0,0
1102,True,1000,0,0,0,0
1103,False,0,0,0,0,0
1104,False,0,0,0,0,0
1105,False,0,0,0,0,0
1106,False,0,0,0,0,0
1107,True,1000,0,0,0,0
1108,True,1000,0,0,0,0
1109,False,0,0,0,0,0
1110,True,1000,0,0,0,0
1111,False,0,0,0,0,0
1112,False,0,0,0,0,0
1113,False,0,0,0,0,0
1114,False,0,0,0,0,0
1115,False,0,0,0,0,0
1116,False,0,0,0,0,0
1117,False,0,0,0,0,0
1118,False,0,0,0,0,0
1119,True,1000,0,0,0,0
1120,False,0,0,0,0,0
1121,False,0,0,0,0,0
1122,True,1000,0,0,0,0
1123,False,0,0,0,0,0
1124,False,0,0,0,0,0
1125,False,0,0,0,0,0
1126,False,0,0,0,0,0
1127,False,0,0,0,0,0
1128,True,1000,0,0,0,0
1129,False,0,0,0,0,0
1130,False,0,0,0,0,0
1131,False,0,0,0,0,0
1132,False,0,0,0,0,0
1133,True,1000,0,0,0,0
1134,True,1000,0,0,0,0
1135,False,0,0,0,0,0
1136,False,0,0,0,0,0
1137,True,1000,0,0,0,0
1138,False,0,0,0,0,0
1139,False,0,0,0,0,0
1140,True,1000,0,0,0,0
1141,False,0,0,0,0,0
1142,False,0,0,0,0,0
1143,False,0,0,0,0,0
1144,False,0,0,0,0,0
1145,False,0,0,0,0,0
1146,True,1000,0,0,0,0
1147,False,0,0,0,0,0
1148,False,0,0,0,0,0
1149,True,1000,0,0,0,0
1150,False,0,0,0,0,0
1151,False,0,0,0,0,0
1152,True,1000,0,0,0,0
1153,False,0,0,0,0,0
1154,False,0,0,0,0,0
1155,False,0,0,0,0,0
1156,True,1000,0,0,0,0
1157,True,1000,0,0,0,0
1158,False,0,0,0,0,0
1159,False,0,0,0,0,0
1160,False,0,0,0,0,0
1161,False,0,0,0,0,0
1162,False,0,0,0,0,0
1163,False,0,0,0,0,0
1164,False,0,0,0,0,0
1165,True,1000,0,0,0,0
1166,False,0,0,0,0,0
1167,True,1000,0,0,0,0
1168,False,0,0,0,0,0
1169,True,1000,0,0,0,0
1170,True,1000,0,0,0,0
1171,True,1000,0,0,0,0
1172,False,0,0,0,0,0
1173,True,1000,0,0,0,0
1174,True,1000,0,0,0,0
1175,False,0,0,0,0,0
1176,False,0,0,0,0,0
1177,False,0,0,0,0,0
1178,False,0,0,0,0,0
1179,False,0,0,0,0,0
1180,False,0,0,0,0,0
1181,True,1000,0,0,0,0
1182,False,0,0,0,0,0
1183,False,0,0,0,0,0
1184,False,0,0,0,0,0
1185,False,0,0,0,0,0
1186,False,0,0,0,0,0
1187,False,0,0,0,0,0
1188,False,0,0,0,0,0
1189,False,0,0,0,0,0
1190,True,1000,0,0,0,0
1191,False,0,0,0,0,0
1192,False,0,0,0,0,0
1193,False,0,0,0,0,0
1194,False,0,0,0,0,0
1195,False,0,0,0,0,0
1196,False,0,0,0,0,0
1197,False,0,0,0,0,0
1198,False,0,0,0,0,0
1199,False,0,0,0,0,0
1200,False,0,0,0,0,0
1201,False,0,0,0,0,0
1202,True,1000,0,0,0,0
1203,False,0,0,0,0,0
1204,True,1000,0,0,0,0
1205,False,0,0,0,0,0
1206,False,0,0,0,0,0
1207,False,0,0,0,0,0
1208,False,0,0,0,0,0
1209,False,0,0,0,0,0
1210,False,0,0,0,0,0
1211,False,0,0,0,0,0
1212,False,0,0,0,0,0
1213,True,1000,0,0,0,0
1214,False,0,0,0,0,0
1215,False,0,0,0,0,0
1216,False,0,0,0,0,0
1217,True,1000,0,0,0,0
1218,False,0,0,0,0,0
1219,True,1000,0,0,0,0
1220,False,0,0,0,0,0
1221,False,0,0,0,0,0
1222,False,0,0,0,0,0
1223,False,0,0,0,0,0
1224,False,0,0,0,0,0
1225,False,0,0,0,0,0
1226,False,0,0,0,0,0
1227,True,1000,0,0,0,0
1228,False,0,0,0,0,0
1229,False,0,0,0,0,0
1230,False,0,0,0,0,0
1231,False,0,0,0,0,0
1232,False,0,0,0,0,0
1233,False,0,0,0,0,0
1234,False,0,0,0,0,0
1235,False,0,0,0,0,0
1236,True,1000,0,0,0,0
1237,False,0,0,0,0,0
1238,False,0,0,0,0,0
1239,False,0,0,0,0,0
1240,False,0,0,0,0,0
1241,False,0,0,0,0,0
1242,False,0,0,0,0,0
1243,False,0,0,0,0,0
1244,False,0,0,0,0,0
1245,False,0,0,0,0,0
1246,True,1000,0,0,0,0
1247,False,0,0,0,0,0
1248,False,0,0,0,0,0
1249,False,0,0,0,0,0
1250,False,0,0,0,0,0
1251,False,0,0,0,0,0
1252,False,0,0,0,0,0
1253,False,0,0,0,0,0
1254,False,0,0,0,0,0
1255,False,0,0,0,0,0
1256,False,0,0,0,0,0
1257,False,0,0,0,0,0
1258,False,0,0,0,0,0
1259,False,0,0,0,0,0
1260,False,0,0,0,0,0
1261,False,0,0,0,0,0
1262,True,1000,0,0,0,0
1263,False,0,0,0,0,0
1264,False,0,0,0,0,0
1265,True,1000,0,0,0,0
1266,True,1000,0,0,0,0
1267,False,0,0,0,0,0
1268,True,1000,0,0,0,0
1269,False,0,0,0,0,0
1270,False,0,0,0,0,0
1271,False,0,0,0,0,0
1272,False,0,0,0,0,0
1273,False,0,0,0,0,0
1274,False,0,0,0,0,0
1275,False,0,0,0,0,0
1276,False,0,0,0,0,0
1277,False,0,0,0,0,0
1278,False,0,0,0,0,0
1279,True,1000,0,0,0,0
1280,False,0,0,0,0,0
1281,False,0,0,0,0,0
1282,True,1000,0,0,0,0
1283,False,0,0,0,0,0
1284,False,0,0,0,0,0
1285,True,1000,0,0,0,0
1286,False,0,0,0,0,0
1287,False,0,0,0,0,0
1288,False,0,0,0,0,0
1289,False,0,0,0,0,0
1290,False,0,0,0,0,0
1291,False,0,0,0,0,0
1292,False,0,0,0,0,0
1293,False,0,0,0,0,0
1294,False,0,0,0,0,0
1295,False,0,0,0,0,0
1296,False,0,0,0,0,0
1297,False,0,0,0,0,0
1298,False,0,0,0,0,0
1299,False,0,0,0,0,0
1300,False,0,0,0,0,0
1301,False,0,0,0,0,0
1302,False,0,0,0,0,0
1303,True,1000,0,0,0,0
1304,False,0,0,0,0,0
1305,False,0,0,0,0,0
1306,False,0,0,0,0,0
1307,False,0,0,0,0,0
1308,False,0,0,0,0,0
1309,False,0,0,0,0,0
1310,False,0,0,0,0,0
1311,False,0,0,0,0,0
1312,True,1000,0,0,0,0
1313,False,0,0,0,0,0
1314,False,0,0,0,0,0
1315,False,0,0,0,0,0
1316,False,0,0,0,0,0
1317,False,0,0,0,0,0
1318,False,0,0,0,0,0
1319,True,1000,0,0,0,0
1320,False,0,0,0,0,0
1321,False,0,0,0,0,0
1322,False,0,0,0,0,0
1323,False,0,0,0,0,0
1324,False,0,0,0,0,0
1325,False,0,0,0,0,0
1326,False,0,0,0,0,0
1327,False,0,0,0,0,0
1328,False,0,0,0,0,0
1329,False,0,0,0,0,0
1330,False,0,0,0,0,0
1331,False,0,0,0,0,0
1332,False,0,0,0,0,0
1333,False,0,0,0,0,0
1334,False,0,0,0,0,0
1335,True,1000,0,0,0,0
1336,False,0,0,0,0,0
1337,False,0,0,0,0,0
1338,False,0,0,0,0,0
1339,False,0,0,0,0,0
1340,False,0,0,0,0,0
1341,False,0,0,0,0,0
1342,False,0,0,0,0,0
1343,False,0,0,0,0,0
1344,False,0,0,0,0,0
1345,False,0,0,0,0,0
1346,False,0,0,0,0,0
1347,False,0,0,0,0,0
1348,False,0,0,0,0,0
1349,False,0,0,0,0,0
1350,False,0,0,0,0,0
1351,False,0,0,0,0,0
1352,False,0,0,0,0,0
1353,False,0,0,0,0,0
1354,False,0,0,0,0,0
1355,False,0,0,0,0,0
1356,False,0,0,0,0,0
1357,False,0,0,0,0,0
1358,False,0,0,0,0,0
1359,False,0,0,0,0,0
1360,False,0,0,0,0,0
1361,False,0,0,0,0,0
1362,True,1000,0,0,0,0
1363,False,0,0,0,0,0
1364,False,0,0,0,0,0
1365,False,0,0,0,0,0
1366,False,0,0,0,0,0
1367,False,0,0,0,0,0
1368,False,0,0,0,0,0
1369,False,0,0,0,0,0
1370,True,1000,0,0,0,0
1371,True,1000,0,0,0,0
1372,False,0,0,0,0,0
1373,True,1000,0,0,0,0
1374,True,1000,0,0,0,0
1375,False,0,0,0,0,0
1376,False,0,0,0,0,0
1377,False,0,0,0,0,0
1378,True,1000,0,0,0,0
1379,True,1000,0,0,0,0
1380,True,1000,0,0,0,0
1381,False,0,0,0,0,0
1382,False,0,0,0,0,0
1383,False,0,0,0,0,0
1384,False,0,0,0,0,0
1385,True,1000,0,0,0,0
1386,True,1000,0,0,0,0
1387,True,1000,0,0,0,0
1388,False,0,0,0,0,0
1389,True,1000,0,0,0,0
1390,True,1000,0,0,0,0
1391,False,0,0,0,0,0
1392,True,1000,0,0,0,0
1393,False,0,0,0,0,0
1394,False,0,0,0,0,0
1395,False,0,0,0,0,0
1396,False,0,0,0,0,0
1397,False,0,0,0,0,0
1398,False,0,0,0,0,0
1399,True,1000,0,0,0,0
1400,False,0,0,0,0,0
1401,False,0,0,0,0,0
1402,False,0,0,0,0,0
1403,True,1000,0,0,0,0
1404,False,0,0,0,0,0
1405,False,0,0,0,0,0
1406,True,1000,0,0,0,0
1407,False,0,0,0,0,0
1408,False,0,0,0,0,0
1409,False,0,0,0,0,0
1410,False,0,0,0,0,0
1411,True,1000,0,0,0,0
1412,False,0,0,0,0,0
1413,False,0,0,0,0,0
1414,False,0,0,0,0,0
1415,False,0,0,0,0,0
1416,True,1000,0,0,0,0
1417,False,0,0,0,0,0
1418,True,1000,0,0,0,0
1419,False,0,0,0,0,0
1420,False,0,0,0,0,0
1421,True,1000,0,0,0,0
1422,True,1000,0,0,0,0
1423,False,0,0,0,0,0
1424,True,1000,0,0,0,0
1425,False,0,0,0,0,0
1426,False,0,0,0,0,0
1427,False,0,0,0,0,0
1428,False,0,0,0,0,0
1429,False,0,0,0,0,0
1430,True,1000,0,0,0,0
1431,False,0,0,0,0,0
1432,False,0,0,0,0,0
1433,True,1000,0,0,0,0
1434,False,0,0,0,0,0
1435,True,1000,0,0,0,0
1436,False,0,0,0,0,0
1437,False,0,0,0,0,0
1438,False,0,0,0,0,0
1439,False,0,0,0,0,0
1440,False,0,0,0,0,0
1441,True,1000,0,0,0,0
1442,True,1000,0,0,0,0
1443,True,1000,0,0,0,0
1444,False,0,0,0,0,0
1445,False,0,0,0,0,0
1446,False,0,0,0,0,0
1447,True,1000,0,0,0,0
1448,False,0,0,0,0,0
1449,False,0,0,0,0,0
1450,False,0,0,0,0,0
1451,False,0,0,0,0,0
1452,False,0,0,0,0,0
1453,True,1000,0,0,0,0
1454,True,1000,0,0,0,0
1455,True,1000,0,0,0,0
1456,False,0,0,0,0,0
1457,False,0,0,0,0,0
1458,True,1000,0,0,0,0
1459,False,0,0,0,0,0
1460,False,0,0,0,0,0
1461,False,0,0,0,0,0
1462,True,1000,0,0,0,0
1463,True,1000,0,0,0,0
1464,False,0,0,0,0,0
1465,True,1000,0,0,0,0
1466,True,1000,0,0,0,0
1467,True,1000,0,0,0,0
1468,True,1000,0,0,0,0
1469,True,1000,0,0,0,0
1470,True,1000,0,0,0,0
1471,False,0,0,0,0,0
1472,False,0,0,0,0,0
1473,False,0,0,0,0,0
1474,False,0,0,0,0,0
1475,False,0,0,0,0,0
1476,True,1000,0,0,0,0
1477,True,1000,0,0,0,0
1478,False,0,0,0,0,0
1479,False,0,0,0,0,0
1480,False,0,0,0,0,0
1481,False,0,0,0,0,0
1482,True,1000,0,0,0,0
1483,False,0,0,0,0,0
1484,False,0,0,0,0,0
1485,False,0,0,0,0,0
1486,True,1000,0,0,0,0
1487,False,0,0,0,0,0
1488,True,1000,0,0,0,0
1489,False,0,0,0,0,0
1490,False,0,0,0,0,0
1491,False,0,0,0,0,0
1492,False,0,0,0,0,0
1493,False,0,0,0,0,0
1494,False,0,0,0,0,0
1495,False,0,0,0,0,0
1496,False,0,0,0,0,0
1497,False,0,0,0,0,0
1498,False,0,0,0,0,0
1499,False,0,0,0,0,0
1500,False,0,0,0,0,0
1501,False,0,0,0,0,0
1502,False,0,0,0,0,0
1503,True,1000,0,0,0,0
1504,False,0,0,0,0,0
1505,False,0,0,0,0,0
1506,False,0,0,0,0,0
1507,False,0,0,0,0,0
1508,False,0,0,0,0,0
1509,False,0,0,0,0,0
1510,True,1000,0,0,0,0
1511,True,1000,0,0,0,0
1512,False,0,0,0,0,0
1513,False,0,0,0,0,0
1514,False,0,0,0,0,0
1515,True,1000,0,0,0,0
1516,False,0,0,0,0,0
1517,False,0,0,0,0,0
1518,True,1000,0,0,0,0
1519,False,0,0,0,0,0
1520,False,0,0,0,0,0
1521,False,0,0,0,0,0
1522,False,0,0,0,0,0
1523,False,0,0,0,0,0
1524,False,0,0,0,0,0
1525,False,0,0,0,0,0
1526,False,0,0,0,0,0
1527,True,1000,0,0,0,0
1528,False,0,0,0,0,0
1529,False,0,0,0,0,0
1530,False,0,0,0,0,0
1531,False,0,0,0,0,0
1532,False,0,0,0,0,0
1533,False,0,0,0,0,0
1534,False,0,0,0,0,0
1535,False,0,0,0,0,0
1536,False,0,0,0,0,0
1537,True,1000,0,0,0,0
1538,False,0,0,0,0,0
1539,False,0,0,0,0,0
1540,False,0,0,0,0,0
1541,False,0,0,0,0,0
1542,False,0,0,0,0,0
1543,False,0,0,0,0,0
1544,False,0,0,0,0,0
1545,False,0,0,0,0,0
1546,True,1000,0,0,0,0
1547,False,0,0,0,0,0
1548,False,0,0,0,0,0
1549,True,1000,0,0,0,0
1550,False,0,0,0,0,0
1551,False,0,0,0,0,0
1552,False,0,0,0,0,0
1553,False,0,0,0,0,0
1554,True,1000,0,0,0,0
1555,False,0,0,0,0,0
1556,True,1000,0,0,0,0
1557,False,0,0,0,0,0
1558,False,0,0,0,0,0
1559,False,0,0,0,0,0
1560,False,0,0,0,0,0
1561,False,0,0,0,0,0
1562,True,1000,0,0,0,0
1563,False,0,0,0,0,0
1564,True,1000,0,0,0,0
1565,False,0,0,0,0,0
1566,True,1000,0,0,0,0
1567,False,0,0,0,0,0
1568,False,0,0,0,0,0
1569,True,1000,0,0,0,0
1570,True,1000,0,0,0,0
1571,False,0,0,0,0,0
1572,False,0,0,0,0,0
1573,False,0,0,0,0,0
1574,True,1000,0,0,0,0
1575,False,0,0,0,0,0
1576,False,0,0,0,0,0
1577,False,0,0,0,0,0
1578,False,0,0,0,0,0
1579,False,0,0,0,0,0
1580,False,0,0,0,0,0
1581,False,0,0,0,0,0
1582,True,1000,0,0,0,0
1583,False,0,0,0,0,0
1584,False,0,0,0,0,0
1585,False,0,0,0,0,0
1586,False,0,0,0,0,0
1587,True,1000,0,0,0,0
1588,False,0,0,0,0,0
1589,True,1000,0,0,0,0
1590,False,0,0,0,0,0
1591,False,0,0,0,0,0
1592,True,1000,0,0,0,0
1593,False,0,0,0,0,0
1594,False,0,0,0,0,0
1595,False,0,0,0,0,0
1596,False,0,0,0,0,0
1597,False,0,0,0,0,0
1598,True,1000,0,0,0,0
1599,True,1000,0,0,0,0
1600,False,0,0,0,0,0
1601,False,0,0,0,0,0
1602,False,0,0,0,0,0
1603,False,0,0,0,0,0
1604,False,0,0,0,0,0
1605,False,0,0,0,0,0
1606,False,0,0,0,0,0
1607,True,1000,0,0,0,0
1608,False,0,0,0,0,0
1609,False,0,0,0,0,0
1610,False,0,0,0,0,0
1611,False,0,0,0,0,0
1612,False,0,0,0,0,0
1613,False,0,0,0,0,0
1614,False,0,0,0,0,0
1615,False,0,0,0,0,0
1616,True,1000,0,0,0,0
1617,False,0,0,0,0,0
1618,False,0,0,0,0,0
1619,False,0,0,0,0,0
1620,False,0,0,0,0,0
1621,False,0,0,0,0,0
1622,False,0,0,0,0,0
1623,False,0,0,0,0,0
1624,False,0,0,0,0,0
1625,False,0,0,0,0,0
1626,False,0,0,0,0,0
1627,False,0,0,0,0,0
1628,False,0,0,0,0,0
1629,False,0,0,0,0,0
1630,False,0,0,0,0,0
1631,False,0,0,0,0,0
1632,False,0,0,0,0,0
1633,False,0,0,0,0,0
1634,False,0,0,0,0,0
1635,False,0,0,0,0,0
1636,False,0,0,0,0,0
1637,False,0,0,0,0,0
1638,False,0,0,0,0,0
1639,False,0,0,0,0,0
1640,False,0,0,0,0,0
1641,False,0,0,0,0,0
1642,False,0,0,0,0,0
1643,False,0,0,0,0,0
1644,False,0,0,0,0,0
1645,False,0,0,0,0,0
1646,False,0,0,0,0,0
1647,False,0,0,0,0,0
1648,False,0,0,0,0,0
1649,False,0,0,0,0,0
1650,False,0,0,0,0,0
1651,False,0,0,0,0,0
1652,False,0,0,0,0,0
1653,False,0,0,0,0,0
1654,False,0,0,0,0,0
1655,False,0,0,0,0,0
1656,False,0,0,0,0,0
1657,False,0,0,0,0,0
1658,False,0,0,0,0,0
1659,False,0,0,0,0,0
1660,False,0,0,0,0,0
1661,False,0,0,0,0,0
1662,True,1000,0,0,0,0
1663,False,0,0,0,0,0
1664,False,0,0,0,0,0
1665,False,0,0,0,0,0
1666,False,0,0,0,0,0
1667,False,0,0,0,0,0
1668,False,0,0,0,0,0
1669,False,0,0,0,0,0
1670,False,0,0,0,0,0
1671,False,0,0,0,0,0
1672,False,0,0,0,0,0
1673,False,0,0,0,0,0
1674,True,1000,0,0,0,0
1675,False,0,0,0,0,0
1676,False,0,0,0,0,0
1677,False,0,0,0,0,0
1678,False,0,0,0,0,0
1679,False,0,0,0,0,0
1680,False,0,0,0,0,0
1681,False,0,0,0,0,0
1682,False,0,0,0,0,0
1683,False,0,0,0,0,0
1684,False,0,0,0,0,0
1685,True,1000,0,0,0,0
1686,False,0,0,0,0,0
1687,False,0,0,0,0,0
1688,False,0,0,0,0,0
1689,False,0,0,0,0,0
1690,False,0,0,0,0,0
1691,False,0,0,0,0,0
1692,True,1000,0,0,0,0
1693,False,0,0,0,0,0
1694,False,0,0,0,0,0
1695,False,0,0,0,0,0
1696,False,0,0,0,0,0
1697,False,0,0,0,0,0
1698,False,0,0,0,0,0
1699,False,0,0,0,0,0
1700,False,0,0,0,0,0
1701,False,0,0,0,0,0
1702,False,0,0,0,0,0
1703,False,0,0,0,0,0
1704,False,0,0,0,0,0
1705,False,0,0,0,0,0
1706,False,0,0,0,0,0
1707,False,0,0,0,0,0
1708,False,0,0,0,0,0
1709,False,0,0,0,0,0
1710,False,0,0,0,0,0
1711,False,0,0,0,0,0
1712,False,0,0,0,0,0
1713,False,0,0,0,0,0
1714,False,0,0,0,0,0
1715,False,0,0,0,0,0
1716,False,0,0,0,0,0
1717,False,0,0,0,0,0
1718,False,0,0,0,0,0
1719,False,0,0,0,0,0
1720,False,0,0,0,0,0
1721,False,0,0,0,0,0
1722,True,1000,0,0,0,0
1723,False,0,0,0,0,0
1724,False,0,0,0,0,0
1725,False,0,0,0,0,0
1726,False,0,0,0,0,0
1727,False,0,0,0,0,0
1728,False,0,0,0,0,0
1729,True,1000,0,0,0,0
1730,False,0,0,0,0,0
1731,False,0,0,0,0,0
1732,False,0,0,0,0,0
1733,False,0,0,0,0,0
1734,False,0,0,0,0,0
1735,False,0,0,0,0,0
1736,False,0,0,0,0,0
1737,False,0,0,0,0,0
1738,False,0,0,0,0,0
1739,True,1000,0,0,0,0
1740,False,0,0,0,0,0
1741,False,0,0,0,0,0
1742,False,0,0,0,0,0
1743,False,0,0,0,0,0
1744,False,0,0,0,0,0
1745,False,0,0,0,0,0
1746,False,0,0,0,0,0
1747,False,0,0,0,0,0
1748,False,0,0,0,0,0
1749,False,0,0,0,0,0
1750,False,0,0,0,0,0
1751,False,0,0,0,0,0
1752,False,0,0,0,0,0
1753,True,1000,0,0,0,0
1754,False,0,0,0,0,0
1755,False,0,0,0,0,0
1756,False,0,0,0,0,0
1757,False,0,0,0,0,0
1758,False,0,0,0,0,0
1759,False,0,0,0,0,0
1760,False,0,0,0,0,0
1761,False,0,0,0,0,0
1762,False,0,0,0,0,0
1763,False,0,0,0,0,0
1764,False,0,0,0,0,0
1765,False,0,0,0,0,0
1766,False,0,0,0,0,0
1767,False,0,0,0,0,0
1768,False,0,0,0,0,0
1769,False,0,0,0,0,0
1770,False,0,0,0,0,0
1771,False,0,0,0,0,0
1772,False,0,0,0,0,0
1773,False,0,0,0,0,0
1774,False,0,0,0,0,0
1775,False,0,0,0,0,0
1776,False,0,0,0,0,0
1777,False,0,0,0,0,0
1778,False,0,0,0,0,0
1779,False,0,0,0,0,0
1780,False,0,0,0,0,0
1781,True,1000,0,0,0,0
1782,False,0,0,0,0,0
1783,False,0,0,0,0,0
1784,False,0,0,0,0,0
1785,False,0,0,0,0,0
1786,False,0,0,0,0,0
1787,False,0,0,0,0,0
1788,False,0,0,0,0,0
1789,False,0,0,0,0,0
1790,False,0,0,0,0,0
1791,False,0,0,0,0,0
1792,False,0,0,0,0,0
1793,False,0,0,0,0,0
1794,False,0,0,0,0,0
1795,False,0,0,0,0,0
1796,False,0,0,0,0,0
1797,True,1000,0,0,0,0
1798,False,0,0,0,0,0
1799,False,0,0,0,0,0
1800,False,0,0,0,0,0
1801,True,1000,0,0,0,0
1802,False,0,0,0,0,0
1803,False,0,0,0,0,0
1804,False,0,0,0,0,0
1805,False,0,0,0,0,0
1806,False,0,0,0,0,0
1807,False,0,0,0,0,0
1808,True,1000,0,0,0,0
1809,False,0,0,0,0,0
1810,False,0,0,0,0,0
1811,False,0,0,0,0,0
1812,False,0,0,0,0,0
1813,False,0,0,0,0,0
1814,False,0,0,0,0,0
1815,False,0,0,0,0,0
1816,False,0,0,0,0,0
1817,False,0,0,0,0,0
1818,True,1000,0,0,0,0
1819,False,0,0,0,0,0
1820,False,0,0,0,0,0
1821,False,0,0,0,0,0
1822,False,0,0,0,0,0
1823,True,1000,0,0,0,0
1824,True,1000,0,0,0,0
1825,False,0,0,0,0,0
1826,True,1000,0,0,0,0
1827,True,1000,0,0,0,0
1828,True,1000,0,0,0,0
1829,False,0,0,0,0,0
1830,True,1000,0,0,0,0
1831,True,1000,0,0,0,0
1832,False,0,0,0,0,0
1833,False,0,0,0,0,0
1834,False,0,0,0,0,0
1835,False,0,0,0,0,0
1836,False,0,0,0,0,0
1837,False,0,0,0,0,0
1838,False,0,0,0,0,0
1839,False,0,0,0,0,0
1840,False,0,0,0,0,0
1841,False,0,0,0,0,0
1842,False,0,0,0,0,0
1843,False,0,0,0,0,0
1844,False,0,0,0,0,0
1845,False,0,0,0,0,0
1846,True,1000,0,0,0,0
1847,False,0,0,0,0,0
1848,False,0,0,0,0,0
1849,False,0,0,0,0,0
1850,False,0,0,0,0,0
1851,False,0,0,0,0,0
1852,False,0,0,0,0,0
1853,True,1000,0,0,0,0
1854,False,0,0,0,0,0
1855,False,0,0,0,0,0
1856,False,0,0,0,0,0
1857,True,1000,0,0,0,0
1858,True,1000,0,0,0,0
1859,False,0,0,0,0,0
1860,False,0,0,0,0,0
1861,False,0,0,0,0,0
1862,False,0,0,0,0,0
1863,True,1000,0,0,0,0
1864,False,0,0,0,0,0
1865,True,1000,0,0,0,0
1866,False,0,0,0,0,0
1867,False,0,0,0,0,0
1868,False,0,0,0,0,0
1869,False,0,0,0,0,0
1870,True,1000,0,0,0,0
1871,False,0,0,0,0,0
1872,True,1000,0,0,0,0
1873,True,1000,0,0,0,0
1874,False,0,0,0,0,0
1875,True,1000,0,0,0,0
1876,True,1000,0,0,0,0
1877,False,0,0,0,0,0
1878,False,0,0,0,0,0
1879,False,0,0,0,0,0
1880,False,0,0,0,0,0
1881,False,0,0,0,0,0
1882,False,0,0,0,0,0
1883,False,0,0,0,0,0
1884,False,0,0,0,0,0
1885,False,0,0,0,0,0
1886,False,0,0,0,0,0
1887,False,0,0,0,0,0
1888,False,0,0,0,0,0
1889,False,0,0,0,0,0
1890,True,1000,0,0,0,0
1891,True,1000,0,0,0,0
1892,True,1000,0,0,0,0
1893,False,0,0,0,0,0
1894,True,1000,0,0,0,0
1895,True,1000,0,0,0,0
1896,False,0,0,0,0,0
1897,False,0,0,0,0,0
1898,False,0,0,0,0,0
1899,True,1000,0,0,0,0
1900,False,0,0,0,0,0
1901,False,0,0,0,0,0
1902,False,0,0,0,0,0
1903,False,0,0,0,0,0
1904,False,0,0,0,0,0
1905,True,1000,0,0,0,0
1906,False,0,0,0,0,0
1907,False,0,0,0,0,0
1908,False,0,0,0,0,0
1909,False,0,0,0,0,0
1910,False,0,0,0,0,0
1911,False,0,0,0,0,0
1912,False,0,0,0,0,0
1913,False,0,0,0,0,0
1914,False,0,0,0,0,0
1915,False,0,0,0,0,0
1916,False,0,0,0,0,0
1917,False,0,0,0,0,0
1918,False,0,0,0,0,0
1919,False,0,0,0,0,0
1920,False,0,0,0,0,0
1921,False,0,0,0,0,0
1922,False,0,0,0,0,0
1923,True,1000,0,0,0,0
1924,False,0,0,0,0,0
1925,True,1000,0,0,0,0
1926,False,0,0,0,0,0
1927,False,0,0,0,0,0
1928,True,1000,0,0,0,0
1929,False,0,0,0,0,0
1930,False,0,0,0,0,0
1931,True,1000,0,0,0,0
1932,False,0,0,0,0,0
1933,True,1000,0,0,0,0
1934,False,0,0,0,0,0
1935,False,0,0,0,0,0
1936,False,0,0,0,0,0
1937,False,0,0,0,0,0
1938,False,0,0,0,0,0
1939,False,0,0,0,0,0
1940,False,0,0,0,0,0
1941,False,0,0,0,0,0
1942,False,0,0,0,0,0
1943,True,1000,0,0,0,0
1944,False,0,0,0,0,0
1945,True,1000,0,0,0,0
1946,True,1000,0,0,0,0
1947,False,0,0,0,0,0
1948,False,0,0,0,0,0
1949,False,0,0,0,0,0
1950,True,1000,0,0,0,0
1951,True,1000,0,0,0,0
1952,False,0,0,0,0,0
1953,False,0,0,0,0,0
1954,False,0,0,0,0,0
1955,False,0,0,0,0,0
1956,False,0,0,0,0,0
1957,False,0,0,0,0,0
1958,False,0,0,0,0,0
1959,False,0,0,0,0,0
1960,True,1000,0,0,0,0
1961,False,0,0,0,0,0
1962,False,0,0,0,0,0
1963,False,0,0,0,0,0
1964,True,1000,0,0,0,0
1965,True,1000,0,0,0,0
1966,False,0,0,0,0,0
1967,False,0,0,0,0,0
1968,True,1000,0,0,0,0
1969,True,1000,0,0,0,0
1970,True,1000,0,0,0,0
1971,False,0,0,0,0,0
1972,True,1000,0,0,0,0
1973,True,1000,0,0,0,0
1974,False,0,0,0,0,0
1975,False,0,0,0,0,0
1976,False,0,0,0,0,0
1977,False,0,0,0,0,0
1978,False,0,0,0,0,0
1979,False,0,0,0,0,0
1980,True,1000,0,0,0,0
1981,False,0,0,0,0,0
1982,False,0,0,0,0,0
1983,False,0,0,0,0,0
1984,False,0,0,0,0,0
1985,False,0,0,0,0,0
1986,False,0,0,0,0,0
1987,False,0,0,0,0,0
1988,False,0,0,0,0,0
1989,False,0,0,0,0,0
1990,False,0,0,0,0,0
1991,False,0,0,0,0,0
1992,False,0,0,0,0,0
1993,False,0,0,0,0,0
1994,False,0,0,0,0,0
1995,False,0,0,0,0,0
1996,False,0,0,0,0,0
1997,False,0,0,0,0,0
1998,False,0,0,0,0,0
1999,False,0,0,0,0,0
2000,False,0,0,0,0,0
2001,False,0,0,0,0,0
2002,False,0,0,0,0,0
2003,True,1000,0,0,0,0
2004,False,0,0,0,0,0
2005,False,0,0,0,0,0
2006,False,0,0,0,0,0
2007,False,0,0,0,0,0
2008,True,1000,0,0,0,0
2009,False,0,0,0,0,0
2010,False,0,0,0,0,0
2011,False,0,0,0,0,0
2012,False,0,0,0,0,0
2013,False,0,0,0,0,0
2014,False,0,0,0,0,0
2015,False,0,0,0,0,0
2016,False,0,0,0,0,0
2017,True,1000,0,0,0,0
2018,False,0,0,0,0,0
2019,False,0,0,0,0,0
2020,False,0,0,0,0,0
2021,False,0,0,0,0,0
2022,False,0,0,0,0,0
2023,False,0,0,0,0,0
2024,False,0,0,0,0,0
2025,False,0,0,0,0,0
2026,False,0,0,0,0,0
2027,True,1000,0,0,0,0
2028,True,1000,0,0,0,0
2029,False,0,0,0,0,0
2030,False,0,0,0,0,0
2031,True,1000,0,0,0,0
2032,False,0,0,0,0,0
2033,False,0,0,0,0,0
2034,False,0,0,0,0,0
2035,True,1000,0,0,0,0
2036,True,1000,0,0,0,0
2037,True,1000,0,0,0,0
2038,False,0,0,0,0,0
2039,False,0,0,0,0,0
2040,False,0,0,0,0,0
2041,True,1000,0,0,0,0
2042,False,0,0,0,0,0
2043,False,0,0,0,0,0
2044,False,0,0,0,0,0
2045,False,0,0,0,0,0
2046,False,0,0,0,0,0
2047,False,0,0,0,0,0
2048,False,0,0,0,0,0
2049,False,0,0,0,0,0
2050,True,1000,0,0,0,0
2051,False,0,0,0,0,0
2052,False,0,0,0,0,0
2053,False,0,0,0,0,0
2054,False,0,0,0,0,0
2055,False,0,0,0,0,0
2056,False,0,0,0,0,0
2057,False,0,0,0,0,0
2058,False,0,0,0,0,0
2059,False,0,0,0,0,0
2060,False,0,0,0,0,0
2061,True,1000,0,0,0,0
2062,False,0,0,0,0,0
2063,False,0,0,0,0,0
2064,False,0,0,0,0,0
2065,False,0,0,0,0,0
2066,False,0,0,0,0,0
2067,False,0,0,0,0,0
2068,False,0,0,0,0,0
2069,False,0,0,0,0,0
2070,True,1000,0,0,0,0
2071,False,0,0,0,0,0
2072,False,0,0,0,0,0
2073,True,1000,0,0,0,0
2074,True,1000,0,0,0,0
2075,False,0,0,0,0,0
2076,False,0,0,0,0,0
2077,False,0,0,0,0,0
2078,False,0,0,0,0,0
2079,True,1000,0,0,0,0
2080,False,0,0,0,0,0
2081,True,1000,0,0,0,0
2082,False,0,0,0,0,0
2083,True,1000,0,0,0,0
2084,False,0,0,0,0,0
2085,False,0,0,0,0,0
2086,False,0,0,0,0,0
2087,False,0,0,0,0,0
2088,False,0,0,0,0,0
2089,True,1000,0,0,0,0
2090,False,0,0,0,0,0
2091,False,0,0,0,0,0
2092,False,0,0,0,0,0
2093,False,0,0,0,0,0
2094,False,0,0,0,0,0
2095,False,0,0,0,0,0
2096,False,0,0,0,0,0
2097,False,0,0,0,0,0
2098,True,1000,0,0,0,0
2099,True,1000,0,0,0,0
2100,False,0,0,0,0,0
2101,True,1000,0,0,0,0
2102,False,0,0,0,0,0
2103,False,0,0,0,0,0
2104,True,1000,0,0,0,0
2105,False,0,0,0,0,0
2106,False,0,0,0,0,0
2107,False,0,0,0,0,0
2108,False,0,0,0,0,0
2109,False,0,0,0,0,0
2110,False,0,0,0,0,0
2111,False,0,0,0,0,0
2112,False,0,0,0,0,0
2113,False,0,0,0,0,0
2114,False,0,0,0,0,0
2115,False,0,0,0,0,0
2116,False,0,0,0,0,0
2117,True,1000,0,0,0,0
2118,False,0,0,0,0,0
2119,True,1000,0,0,0,0
2120,True,1000,0,0,0,0
2121,False,0,0,0,0,0
2122,False,0,0,0,0,0
2123,False,0,0,0,0,0
2124,False,0,0,0,0,0
2125,False,0,0,0,0,0
2126,False,0,0,0,0,0
2127,False,0,0,0,0,0
2128,False,0,0,0,0,0
2129,True,1000,0,0,0,0
2130,False,0,0,0,0,0
2131,False,0,0,0,0,0
2132,False,0,0,0,0,0
2133,False,0,0,0,0,0
2134,False,0,0,0,0,0
2135,False,0,0,0,0,0
2136,True,1000,0,0,0,0
2137,False,0,0,0,0,0
2138,True,1000,0,0,0,0
2139,True,1000,0,0,0,0
2140,True,1000,0,0,0,0
2141,False,0,0,0,0,0
2142,False,0,0,0,0,0
2143,False,0,0,0,0,0
2144,True,1000,0,0,0,0
2145,False,0,0,0,0,0
2146,False,0,0,0,0,0
2147,False,0,0,0,0,0
2148,True,1000,0,0,0,0
2149,False,0,0,0,0,0
2150,False,0,0,0,0,0
2151,False,0,0,0,0,0
2152,False,0,0,0,0,0
2153,False,0,0,0,0,0
2154,False,0,0,0,0,0
2155,False,0,0,0,0,0
2156,True,1000,0,0,0,0
2157,False,0,0,0,0,0
2158,False,0,0,0,0,0
2159,True,1000,0,0,0,0
2160,False,0,0,0,0,0
2161,False,0,0,0,0,0
2162,False,0,0,0,0,0
2163,True,1000,0,0,0,0
2164,True,1000,0,0,0,0
2165,False,0,0,0,0,0
2166,False,0,0,0,0,0
2167,False,0,0,0,0,0
2168,True,1000,0,0,0,0
2169,True,1000,0,0,0,0
2170,False,0,0,0,0,0
2171,True,1000,0,0,0,0
2172,False,0,0,0,0,0
2173,True,1000,0,0,0,0
2174,False,0,0,0,0,0
2175,False,0,0,0,0,0
2176,False,0,0,0,0,0
2177,False,0,0,0,0,0
2178,False,0,0,0,0,0
2179,False,0,0,0,0,0
2180,True,1000,0,0,0,0
2181,False,0,0,0,0,0
2182,False,0,0,0,0,0
2183,False,0,0,0,0,0
2184,False,0,0,0,0,0
2185,False,0,0,0,0,0
2186,True,1000,0,0,0,0
2187,False,0,0,0,0,0
2188,False,0,0,0,0,0
2189,False,0,0,0,0,0
2190,False,0,0,0,0,0
2191,False,0,0,0,0,0
2192,False,0,0,0,0,0
2193,False,0,0,0,0,0
2194,False,0,0,0,0,0
2195,False,0,0,0,0,0
2196,False,0,0,0,0,0
2197,False,0,0,0,0,0
2198,True,1000,0,0,0,0
2199,True,1000,0,0,0,0
2200,False,0,0,0,0,0
2201,True,1000,0,0,0,0
2202,False,0,0,0,0,0
2203,False,0,0,0,0,0
2204,False,0,0,0,0,0
2205,False,0,0,0,0,0
2206,False,0,0,0,0,0
2207,False,0,0,0,0,0
2208,True,1000,0,0,0,0
2209,False,0,0,0,0,0
2210,False,0,0,0,0,0
2211,False,0,0,0,0,0
2212,False,0,0,0,0,0
2213,False,0,0,0,0,0
2214,False,0,0,0,0,0
2215,True,1000,0,0,0,0
2216,True,1000,0,0,0,0
2217,True,1000,0,0,0,0
2218,True,1000,0,0,0,0
2219,True,1000,0,0,0,0
2220,True,1000,0,0,0,0
2221,False,0,0,0,0,0
2222,False,0,0,0,0,0
2223,False,0,0,0,0,0
2224,True,1000,0,0,0,0
2225,False,0,0,0,0,0
2226,False,0,0,0,0,0
2227,True,1000,0,0,0,0
2228,True,1000,0,0,0,0
2229,True,1000,0,0,0,0
2230,True,1000,0,0,0,0
2231,True,1000,0,0,0,0
2232,False,0,0,0,0,0
2233,True,1000,0,0,0,0
2234,False,0,0,0,0,0
2235,True,1000,0,0,0,0
2236,False,0,0,0,0,0
2237,True,1000,0,0,0,0
2238,True,1000,0,0,0,0
2239,True,1000,0,0,0,0
2240,True,1000,0,0,0,0
2241,False,0,0,0,0,0
2242,False,0,0,0,0,0
2243,False,0,0,0,0,0
2244,False,0,0,0,0,0
2245,False,0,0,0,0,0
2246,True,1000,0,0,0,0
2247,False,0,0,0,0,0
2248,False,0,0,0,0,0
2249,False,0,0,0,0,0
2250,True,1000,0,0,0,0
2251,True,1000,0,0,0,0
2252,True,1000,0,0,0,0
2253,False,0,0,0,0,0
2254,True,1000,0,0,0,0
2255,True,1000,0,0,0,0
2256,False,0,0,0,0,0
2257,False,0,0,0,0,0
2258,True,1000,0,0,0,0
2259,True,1000,0,0,0,0
2260,False,0,0,0,0,0
2261,False,0,0,0,0,0
2262,True,1000,0,0,0,0
2263,True,1000,0,0,0,0
2264,False,0,0,0,0,0
2265,True,1000,0,0,0,0
2266,False,0,0,0,0,0
2267,True,1000,0,0,0,0
2268,True,1000,0,0,0,0
2269,True,1000,0,0,0,0
2270,False,0,0,0,0,0
2271,True,1000,0,0,0,0
2272,True,1000,0,0,0,0
2273,True,1000,0,0,0,0
2274,True,1000,0,0,0,0
2275,True,1000,0,0,0,0
2276,True,1000,0,0,0,0
2277,False,0,0,0,0,0
2278,True,1000,0,0,0,0
2279,True,1000,0,0,0,0
2280,False,0,0,0,0,0
2281,False,0,0,0,0,0
2282,True,1000,0,0,0,0
2283,True,1000,0,0,0,0
2284,True,1000,0,0,0,0
2285,True,1000,0,0,0,0
2286,False,0,0,0,0,0
2287,True,1000,0,0,0,0
2288,False,0,0,0,0,0
2289,True,1000,0,0,0,0
2290,True,1000,0,0,0,0
2291,True,1000,0,0,0,0
2292,False,0,0,0,0,0
2293,True,1000,0,0,0,0
2294,False,0,0,0,0,0
2295,False,0,0,0,0,0
2296,False,0,0,0,0,0
2297,True,1000,0,0,0,0
2298,True,1000,0,0,0,0
2299,False,0,0,0,0,0
2300,True,1000,0,0,0,0
2301,True,1000,0,0,0,0
2302,False,0,0,0,0,0
2303,True,1000,0,0,0,0
2304,True,1000,0,0,0,0
2305,False,0,0,0,0,0
2306,True,1000,0,0,0,0
2307,True,1000,0,0,0,0
2308,True,1000,0,0,0,0
2309,True,1000,0,0,0,0
2310,True,1000,0,0,0,0
2311,True,1000,0,0,0,0
2312,True,1000,0,0,0,0
2313,True,1000,0,0,0,0
2314,True,1000,0,0,0,0
2315,False,0,0,0,0,0
2316,False,0,0,0,0,0
2317,True,1000,0,0,0,0
2318,False,0,0,0,0,0
2319,False,0,0,0,0,0
2320,False,0,0,0,0,0
2321,True,1000,0,0,0,0
2322,True,1000,0,0,0,0
2323,False,0,0,0,0,0
2324,True,1000,0,0,0,0
2325,False,0,0,0,0,0
2326,True,1000,0,0,0,0
2327,True,1000,0,0,0,0
2328,True,1000,0,0,0,0
2329,True,1000,0,0,0,0
2330,True,1000,0,0,0,0
2331,True,1000,0,0,0,0
2332,False,0,0,0,0,0
2333,False,0,0,0,0,0
2334,True,1000,0,0,0,0
2335,True,1000,0,0,0,0
2336,True,1000,0,0,0,0
2337,False,0,0,0,0,0
2338,True,1000,0,0,0,0
2339,False,0,0,0,0,0
2340,False,0,0,0,0,0
2341,False,0,0,0,0,0
2342,True,1000,0,0,0,0
2343,False,0,0,0,0,0
2344,True,1000,0,0,0,0
2345,True,1000,0,0,0,0
2346,False,0,0,0,0,0
2347,True,1000,0,0,0,0
2348,False,0,0,0,0,0
2349,True,1000,0,0,0,0
2350,False,0,0,0,0,0
2351,True,1000,0,0,0,0
2352,True,1000,0,0,0,0
2353,True,1000,0,0,0,0
2354,False,0,0,0,0,0
2355,False,0,0,0,0,0
2356,False,0,0,0,0,0
2357,True,1000,0,0,0,0
2358,False,0,0,0,0,0
2359,True,1000,0,0,0,0
2360,False,0,0,0,0,0
2361,True,1000,0,0,0,0
2362,True,1000,0,0,0,0
2363,False,0,0,0,0,0
2364,False,0,0,0,0,0
2365,True,1000,0,0,0,0
2366,False,0,0,0,0,0
2367,True,1000,0,0,0,0
2368,True,1000,0,0,0,0
2369,True,1000,0,0,0,0
2370,False,0,0,0,0,0
2371,False,0,0,0,0,0
2372,True,1000,0,0,0,0
2373,True,1000,0,0,0,0
2374,True,1000,0,0,0,0
2375,True,1000,0,0,0,0
2376,False,0,0,0,0,0
2377,False,0,0,0,0,0
2378,False,0,0,0,0,0
2379,True,1000,0,0,0,0
2380,True,1000,0,0,0,0
2381,True,1000,0,0,0,0
2382,False,0,0,0,0,0
2383,False,0,0,0,0,0
2384,False,0,0,0,0,0
2385,False,0,0,0,0,0
2386,False,0,0,0,0,0
2387,False,0,0,0,0,0
2388,False,0,0,0,0,0
2389,False,0,0,0,0,0
2390,False,0,0,0,0,0
2391,False,0,0,0,0,0
2392,False,0,0,0,0,0
2393,False,0,0,0,0,0
2394,False,0,0,0,0,0
2395,False,0,0,0,0,0
2396,False,0,0,0,0,0
2397,False,0,0,0,0,0
2398,False,0,0,0,0,0
2399,False,0,0,0,0,0
2400,False,0,0,0,0,0
2401,False,0,0,0,0,0
2402,False,0,0,0,0,0
2403,False,0,0,0,0,0
2404,False,0,0,0,0,0
2405,False,0,0,0,0,0
2406,False,0,0,0,0,0
2407,False,0,0,0,0,0
2408,False,0,0,0,0,0
2409,False,0,0,0,0,0
2410,False,0,0,0,0,0
2411,False,0,0,0,0,0
2412,False,0,0,0,0,0
2413,False,0,0,0,0,0
2414,False,0,0,0,0,0
2415,False,0,0,0,0,0
2416,False,0,0,0,0,0
2417,False,0,0,0,0,0
2418,False,0,0,0,0,0
2419,False,0,0,0,0,0
2420,False,0,0,0,0,0
2421,False,0,0,0,0,0
2422,False,0,0,0,0,0
2423,False,0,0,0,0,0
2424,False,0,0,0,0,0
2425,False,0,0,0,0,0
2426,True,1000,0,0,0,0
2427,False,0,0,0,0,0
2428,False,0,0,0,0,0
2429,False,0,0,0,0,0
2430,False,0,0,0,0,0
2431,False,0,0,0,0,0
2432,False,0,0,0,0,0
2433,False,0,0,0,0,0
2434,False,0,0,0,0,0
2435,False,0,0,0,0,0
2436,False,0,0,0,0,0
2437,False,0,0,0,0,0
2438,True,1000,0,0,0,0
2439,False,0,0,0,0,0
2440,True,1000,0,0,0,0
2441,False,0,0,0,0,0
2442,False,0,0,0,0,0
2443,False,0,0,0,0,0
2444,False,0,0,0,0,0
2445,False,0,0,0,0,0
2446,False,0,0,0,0,0
2447,False,0,0,0,0,0
2448,False,0,0,0,0,0
2449,False,0,0,0,0,0
2450,False,0,0,0,0,0
2451,False,0,0,0,0,0
2452,False,0,0,0,0,0
2453,False,0,0,0,0,0
2454,False,0,0,0,0,0
2455,False,0,0,0,0,0
2456,False,0,0,0,0,0
2457,False,0,0,0,0,0
2458,False,0,0,0,0,0
2459,False,0,0,0,0,0
2460,False,0,0,0,0,0
2461,False,0,0,0,0,0
2462,False,0,0,0,0,0
2463,False,0,0,0,0,0
2464,False,0,0,0,0,0
2465,False,0,0,0,0,0
2466,False,0,0,0,0,0
2467,False,0,0,0,0,0
2468,False,0,0,0,0,0
2469,False,0,0,0,0,0
2470,False,0,0,0,0,0
2471,False,0,0,0,0,0
2472,False,0,0,0,0,0
2473,False,0,0,0,0,0
2474,False,0,0,0,0,0
2475,False,0,0,0,0,0
2476,False,0,0,0,0,0
2477,False,0,0,0,0,0
2478,False,0,0,0,0,0
2479,False,0,0,0,0,0
2480,False,0,0,0,0,0
2481,False,0,0,0,0,0
2482,False,0,0,0,0,0
2483,False,0,0,0,0,0
2484,False,0,0,0,0,0
2485,False,0,0,0,0,0
2486,False,0,0,0,0,0
2487,False,0,0,0,0,0
2488,True,1000,0,0,0,0
2489,False,0,0,0,0,0
2490,False,0,0,0,0,0
2491,False,0,0,0,0,0
2492,False,0,0,0,0,0
2493,False,0,0,0,0,0
2494,False,0,0,0,0,0
2495,False,0,0,0,0,0
2496,False,0,0,0,0,0
2497,False,0,0,0,0,0
2498,True,1000,0,0,0,0
2499,True,1000,0,0,0,0
2500,False,0,0,0,0,0
2501,False,0,0,0,0,0
2502,False,0,0,0,0,0
2503,True,1000,0,0,0,0
2504,False,0,0,0,0,0
2505,False,0,0,0,0,0
2506,False,0,0,0,0,0
2507,False,0,0,0,0,0
2508,True,1000,0,0,0,0
2509,False,0,0,0,0,0
2510,False,0,0,0,0,0
2511,False,0,0,0,0,0
2512,False,0,0,0,0,0
2513,False,0,0,0,0,0
2514,False,0,0,0,0,0
2515,False,0,0,0,0,0
2516,False,0,0,0,0,0
2517,False,0,0,0,0,0
2518,False,0,0,0,0,0
2519,False,0,0,0,0,0
2520,False,0,0,0,0,0
2521,False,0,0,0,0,0
2522,False,0,0,0,0,0
2523,False,0,0,0,0,0
2524,False,0,0,0,0,0
2525,False,0,0,0,0,0
2526,False,0,0,0,0,0
2527,False,0,0,0,0,0
2528,False,0,0,0,0,0
2529,False,0,0,0,0,0
2530,False,0,0,0,0,0
2531,True,1000,0,0,0,0
2532,False,0,0,0,0,0
2533,False,0,0,0,0,0
2534,True,1000,0,0,0,0
2535,False,0,0,0,0,0
2536,False,0,0,0,0,0
2537,False,0,0,0,0,0
2538,False,0,0,0,0,0
2539,False,0,0,0,0,0
2540,False,0,0,0,0,0
2541,False,0,0,0,0,0
2542,False,0,0,0,0,0
2543,False,0,0,0,0,0
2544,True,1000,0,0,0,0
2545,False,0,0,0,0,0
2546,False,0,0,0,0,0
2547,False,0,0,0,0,0
2548,False,0,0,0,0,0
2549,False,0,0,0,0,0
2550,False,0,0,0,0,0
2551,True,1000,0,0,0,0
2552,False,0,0,0,0,0
2553,False,0,0,0,0,0
2554,False,0,0,0,0,0
2555,False,0,0,0,0,0
2556,False,0,0,0,0,0
2557,True,1000,0,0,0,0
2558,False,0,0,0,0,0
2559,False,0,0,0,0,0
2560,False,0,0,0,0,0
2561,False,0,0,0,0,0
2562,False,0,0,0,0,0
2563,False,0,0,0,0,0
2564,False,0,0,0,0,0
2565,False,0,0,0,0,0
2566,False,0,0,0,0,0
2567,False,0,0,0,0,0
2568,False,0,0,0,0,0
2569,False,0,0,0,0,0
2570,False,0,0,0,0,0
2571,False,0,0,0,0,0
2572,False,0,0,0,0,0
2573,False,0,0,0,0,0
2574,True,1000,0,0,0,0
2575,False,0,0,0,0,0
2576,False,0,0,0,0,0
2577,False,0,0,0,0,0
2578,False,0,0,0,0,0
2579,False,0,0,0,0,0
2580,False,0,0,0,0,0
2581,False,0,0,0,0,0
2582,False,0,0,0,0,0
2583,False,0,0,0,0,0
2584,False,0,0,0,0,0
2585,False,0,0,0,0,0
2586,False,0,0,0,0,0
2587,False,0,0,0,0,0
2588,False,0,0,0,0,0
2589,False,0,0,0,0,0
2590,False,0,0,0,0,0
2591,False,0,0,0,0,0
2592,False,0,0,0,0,0
2593,False,0,0,0,0,0
2594,False,0,0,0,0,0
2595,False,0,0,0,0,0
2596,False,0,0,0,0,0
2597,False,0,0,0,0,0
2598,False,0,0,0,0,0
2599,False,0,0,0,0,0
2600,False,0,0,0,0,0
2601,False,0,0,0,0,0
2602,False,0,0,0,0,0
2603,False,0,0,0,0,0
2604,False,0,0,0,0,0
2605,False,0,0,0,0,0
2606,False,0,0,0,0,0
2607,False,0,0,0,0,0
2608,False,0,0,0,0,0
2609,False,0,0,0,0,0
2610,False,0,0,0,0,0
2611,False,0,0,0,0,0
2612,True,1000,0,0,0,0
2613,False,0,0,0,0,0
2614,False,0,0,0,0,0
2615,False,0,0,0,0,0
2616,False,0,0,0,0,0
2617,False,0,0,0,0,0
2618,True,1000,0,0,0,0
2619,False,0,0,0,0,0
2620,False,0,0,0,0,0
2621,False,0,0,0,0,0
2622,True,1000,0,0,0,0
2623,False,0,0,0,0,0
2624,False,0,0,0,0,0
2625,False,0,0,0,0,0
2626,False,0,0,0,0,0
2627,False,0,0,0,0,0
2628,False,0,0,0,0,0
2629,False,0,0,0,0,0
2630,False,0,0,0,0,0
2631,False,0,0,0,0,0
2632,False,0,0,0,0,0
2633,False,0,0,0,0,0
2634,False,0,0,0,0,0
2635,False,0,0,0,0,0
2636,False,0,0,0,0,0
2637,False,0,0,0,0,0
2638,False,0,0,0,0,0
2639,False,0,0,0,0,0
2640,False,0,0,0,0,0
2641,False,0,0,0,0,0
2642,False,0,0,0,0,0
2643,False,0,0,0,0,0
2644,True,1000,0,0,0,0
2645,False,0,0,0,0,0
2646,False,0,0,0,0,0
2647,True,1000,0,0,0,0
2648,False,0,0,0,0,0
2649,False,0,0,0,0,0
2650,False,0,0,0,0,0
2651,False,0,0,0,0,0
2652,False,0,0,0,0,0
2653,False,0,0,0,0,0
2654,False,0,0,0,0,0
2655,False,0,0,0,0,0
2656,True,1000,0,0,0,0
2657,False,0,0,0,0,0
2658,False,0,0,0,0,0
2659,False,0,0,0,0,0
2660,False,0,0,0,0,0
2661,False,0,0,0,0,0
2662,False,0,0,0,0,0
2663,False,0,0,0,0,0
2664,False,0,0,0,0,0
2665,False,0,0,0,0,0
2666,True,1000,0,0,0,0
2667,False,0,0,0,0,0
2668,False,0,0,0,0,0
2669,False,0,0,0,0,0
2670,False,0,0,0,0,0
2671,False,0,0,0,0,0
2672,False,0,0,0,0,0
2673,False,0,0,0,0,0
2674,False,0,0,0,0,0
2675,False,0,0,0,0,0
2676,False,0,0,0,0,0
2677,False,0,0,0,0,0
2678,False,0,0,0,0,0
2679,False,0,0,0,0,0
2680,False,0,0,0,0,0
2681,False,0,0,0,0,0
2682,False,0,0,0,0,0
2683,False,0,0,0,0,0
2684,False,0,0,0,0,0
2685,False,0,0,0,0,0
2686,False,0,0,0,0,0
2687,True,1000,0,0,0,0
2688,True,1000,0,0,0,0
2689,False,0,0,0,0,0
2690,False,0,0,0,0,0
2691,False,0,0,0,0,0
2692,False,0,0,0,0,0
2693,False,0,0,0,0,0
2694,False,0,0,0,0,0
2695,False,0,0,0,0,0
2696,False,0,0,0,0,0
2697,False,0,0,0,0,0
2698,False,0,0,0,0,0
2699,True,1000,0,0,0,0
2700,False,0,0,0,0,0
2701,False,0,0,0,0,0
2702,False,0,0,0,0,0
2703,True,1000,0,0,0,0
2704,False,0,0,0,0,0
2705,True,1000,0,0,0,0
2706,False,0,0,0,0,0
2707,False,0,0,0,0,0
2708,False,0,0,0,0,0
2709,False,0,0,0,0,0
2710,False,0,0,0,0,0
2711,False,0,0,0,0,0
2712,False,0,0,0,0,0
2713,False,0,0,0,0,0
2714,False,0,0,0,0,0
2715,False,0,0,0,0,0
2716,True,1000,0,0,0,0
2717,False,0,0,0,0,0
2718,False,0,0,0,0,0
2719,False,0,0,0,0,0
2720,False,0,0,0,0,0
2721,False,0,0,0,0,0
2722,False,0,0,0,0,0
2723,False,0,0,0,0,0
2724,False,0,0,0,0,0
2725,False,0,0,0,0,0
2726,True,1000,0,0,0,0
2727,False,0,0,0,0,0
2728,False,0,0,0,0,0
2729,False,0,0,0,0,0
2730,False,0,0,0,0,0
2731,False,0,0,0,0,0
2732,False,0,0,0,0,0
2733,False,0,0,0,0,0
2734,False,0,0,0,0,0
2735,True,1000,0,0,0,0
2736,False,0,0,0,0,0
2737,False,0,0,0,0,0
2738,False,0,0,0,0,0
2739,False,0,0,0,0,0
2740,True,1000,0,0,0,0
2741,False,0,0,0,0,0
2742,True,1000,0,0,0,0
2743,False,0,0,0,0,0
2744,False,0,0,0,0,0
2745,False,0,0,0,0,0
2746,False,0,0,0,0,0
2747,False,0,0,0,0,0
2748,False,0,0,0,0,0
2749,False,0,0,0,0,0
2750,False,0,0,0,0,0
2751,False,0,0,0,0,0
2752,False,0,0,0,0,0
2753,False,0,0,0,0,0
2754,False,0,0,0,0,0
2755,False,0,0,0,0,0
2756,False,0,0,0,0,0
2757,False,0,0,0,0,0
2758,False,0,0,0,0,0
2759,True,1000,0,0,0,0
2760,True,1000,0,0,0,0
2761,True,1000,0,0,0,0
2762,True,1000,0,0,0,0
2763,False,0,0,0,0,0
2764,False,0,0,0,0,0
2765,False,0,0,0,0,0
2766,False,0,0,0,0,0
2767,False,0,0,0,0,0
2768,False,0,0,0,0,0
2769,False,0,0,0,0,0
2770,True,1000,0,0,0,0
2771,False,0,0,0,0,0
2772,True,1000,0,0,0,0
2773,False,0,0,0,0,0
2774,False,0,0,0,0,0
2775,False,0,0,0,0,0
2776,False,0,0,0,0,0
2777,False,0,0,0,0,0
2778,False,0,0,0,0,0
2779,False,0,0,0,0,0
2780,False,0,0,0,0,0
2781,True,1000,0,0,0,0
2782,False,0,0,0,0,0
2783,True,1000,0,0,0,0
2784,False,0,0,0,0,0
2785,False,0,0,0,0,0
2786,False,0,0,0,0,0
2787,False,0,0,0,0,0
2788,False,0,0,0,0,0
2789,False,0,0,0,0,0
2790,True,1000,0,0,0,0
2791,False,0,0,0,0,0
2792,False,0,0,0,0,0
2793,False,0,0,0,0,0
2794,False,0,0,0,0,0
2795,False,0,0,0,0,0
2796,False,0,0,0,0,0
2797,False,0,0,0,0,0
2798,False,0,0,0,0,0
2799,True,1000,0,0,0,0
2800,False,0,0,0,0,0
2801,False,0,0,0,0,0
2802,False,0,0,0,0,0
2803,False,0,0,0,0,0
2804,False,0,0,0,0,0
2805,False,0,0,0,0,0
2806,False,0,0,0,0,0
2807,False,0,0,0,0,0
2808,False,0,0,0,0,0
2809,False,0,0,0,0,0
2810,False,0,0,0,0,0
2811,False,0,0,0,0,0
2812,False,0,0,0,0,0
2813,False,0,0,0,0,0
2814,False,0,0,0,0,0
2815,False,0,0,0,0,0
2816,False,0,0,0,0,0
2817,False,0,0,0,0,0
2818,False,0,0,0,0,0
2819,False,0,0,0,0,0
2820,False,0,0,0,0,0
2821,False,0,0,0,0,0
2822,False,0,0,0,0,0
2823,False,0,0,0,0,0
2824,False,0,0,0,0,0
2825,False,0,0,0,0,0
2826,False,0,0,0,0,0
2827,True,1000,0,0,0,0
2828,False,0,0,0,0,0
2829,False,0,0,0,0,0
2830,False,0,0,0,0,0
2831,False,0,0,0,0,0
2832,False,0,0,0,0,0
2833,False,0,0,0,0,0
2834,False,0,0,0,0,0
2835,True,1000,0,0,0,0
2836,False,0,0,0,0,0
2837,False,0,0,0,0,0
2838,False,0,0,0,0,0
2839,False,0,0,0,0,0
2840,False,0,0,0,0,0
2841,False,0,0,0,0,0
2842,False,0,0,0,0,0
2843,False,0,0,0,0,0
2844,True,1000,0,0,0,0
2845,True,1000,0,0,0,0
2846,False,0,0,0,0,0
2847,False,0,0,0,0,0
2848,False,0,0,0,0,0
2849,False,0,0,0,0,0
2850,False,0,0,0,0,0
2851,False,0,0,0,0,0
2852,False,0,0,0,0,0
2853,True,1000,0,0,0,0
2854,False,0,0,0,0,0
2855,False,0,0,0,0,0
2856,False,0,0,0,0,0
2857,False,0,0,0,0,0
2858,False,0,0,0,0,0
2859,False,0,0,0,0,0
2860,False,0,0,0,0,0
2861,False,0,0,0,0,0
2862,False,0,0,0,0,0
2863,False,0,0,0,0,0
2864,False,0,0,0,0,0
2865,False,0,0,0,0,0
2866,False,0,0,0,0,0
2867,False,0,0,0,0,0
2868,False,0,0,0,0,0
2869,False,0,0,0,0,0
2870,False,0,0,0,0,0
2871,False,0,0,0,0,0
2872,False,0,0,0,0,0
2873,False,0,0,0,0,0
2874,False,0,0,0,0,0
2875,True,1000,0,0,0,0
2876,False,0,0,0,0,0
2877,False,0,0,0,0,0
2878,False,0,0,0,0,0
2879,False,0,0,0,0,0
2880,True,1000,0,0,0,0
2881,False,0,0,0,0,0
2882,False,0,0,0,0,0
2883,False,0,0,0,0,0
2884,False,0,0,0,0,0
2885,False,0,0,0,0,0
2886,False,0,0,0,0,0
2887,False,0,0,0,0,0
2888,False,0,0,0,0,0
2889,False,0,0,0,0,0
2890,False,0,0,0,0,0
2891,False,0,0,0,0,0
2892,False,0,0,0,0,0
2893,True,1000,0,0,0,0
2894,True,1000,0,0,0,0
2895,True,1000,0,0,0,0
2896,False,0,0,0,0,0
2897,False,0,0,0,0,0
2898,False,0,0,0,0,0
2899,False,0,0,0,0,0
2900,False,0,0,0,0,0
2901,False,0,0,0,0,0
2902,False,0,0,0,0,0
2903,False,0,0,0,0,0
2904,False,0,0,0,0,0
2905,False,0,0,0,0,0
2906,False,0,0,0,0,0
2907,False,0,0,0,0,0
2908,True,1000,0,0,0,0
2909,True,1000,0,0,0,0
2910,False,0,0,0,0,0
2911,True,1000,0,0,0,0
2912,False,0,0,0,0,0
2913,False,0,0,0,0,0
2914,False,0,0,0,0,0
2915,False,0,0,0,0,0
2916,False,0,0,0,0,0
2917,False,0,0,0,0,0
2918,False,0,0,0,0,0
2919,False,0,0,0,0,0
2920,False,0,0,0,0,0
2921,False,0,0,0,0,0
2922,True,1000,0,0,0,0
2923,False,0,0,0,0,0
2924,True,1000,0,0,0,0
2925,False,0,0,0,0,0
2926,True,1000,0,0,0,0
2927,True,1000,0,0,0,0
2928,False,0,0,0,0,0
2929,False,0,0,0,0,0
2930,False,0,0,0,0,0
2931,True,1000,0,0,0,0
2932,False,0,0,0,0,0
2933,False,0,0,0,0,0
2934,False,0,0,0,0,0
2935,False,0,0,0,0,0
2936,False,0,0,0,0,0
2937,False,0,0,0,0,0
2938,False,0,0,0,0,0
2939,False,0,0,0,0,0
2940,False,0,0,0,0,0
2941,False,0,0,0,0,0
2942,False,0,0,0,0,0
2943,False,0,0,0,0,0
2944,False,0,0,0,0,0
2945,False,0,0,0,0,0
2946,False,0,0,0,0,0
2947,False,0,0,0,0,0
2948,False,0,0,0,0,0
2949,False,0,0,0,0,0
2950,False,0,0,0,0,0
2951,False,0,0,0,0,0
2952,False,0,0,0,0,0
2953,True,1000,0,0,0,0
2954,False,0,0,0,0,0
2955,False,0,0,0,0,0
2956,False,0,0,0,0,0
2957,False,0,0,0,0,0
2958,False,0,0,0,0,0
2959,False,0,0,0,0,0
2960,False,0,0,0,0,0
2961,False,0,0,0,0,0
2962,False,0,0,0,0,0
2963,False,0,0,0,0,0
2964,True,1000,0,0,0,0
2965,False,0,0,0,0,0
2966,False,0,0,0,0,0
2967,False,0,0,0,0,0
2968,False,0,0,0,0,0
2969,False,0,0,0,0,0
2970,False,0,0,0,0,0
2971,False,0,0,0,0,0
2972,False,0,0,0,0,0
2973,False,0,0,0,0,0
2974,False,0,0,0,0,0
2975,False,0,0,0,0,0
2976,False,0,0,0,0,0
2977,False,0,0,0,0,0
2978,False,0,0,0,0,0
2979,False,0,0,0,0,0
2980,False,0,0,0,0,0
2981,True,1000,0,0,0,0
2982,False,0,0,0,0,0
2983,False,0,0,0,0,0
2984,False,0,0,0,0,0
2985,False,0,0,0,0,0
2986,False,0,0,0,0,0
2987,False,0,0,0,0,0
2988,False,0,0,0,0,0
2989,False,0,0,0,0,0
2990,True,1000,0,0,0,0
2991,False,0,0,0,0,0
2992,True,1000,0,0,0,0
2993,False,0,0,0,0,0
2994,False,0,0,0,0,0
2995,True,1000,0,0,0,0
2996,True,1000,0,0,0,0
2997,False,0,0,0,0,0
2998,True,1000,0,0,0,0
2999,False,0,0,0,0,0
3000,False,0,0,0,0,0
3001,False,0,0,0,0,0
3002,False,0,0,0,0,0
3003,False,0,0,0,0,0
3004,False,0,0,0,0,0
3005,False,0,0,0,0,0
3006,True,1000,0,0,0,0
3007,False,0,0,0,0,0
3008,False,0,0,0,0,0
3009,False,0,0,0,0,0
3010,False,0,0,0,0,0
3011,False,0,0,0,0,0
3012,False,0,0,0,0,0
3013,False,0,0,0,0,0
3014,False,0,0,0,0,0
3015,False,0,0,0,0,0
3016,False,0,0,0,0,0
3017,False,0,0,0,0,0
3018,False,0,0,0,0,0
3019,False,0,0,0,0,0
3020,True,1000,0,0,0,0
3021,False,0,0,0,0,0
3022,False,0,0,0,0,0
3023,False,0,0,0,0,0
3024,False,0,0,0,0,0
3025,False,0,0,0,0,0
3026,False,0,0,0,0,0
3027,True,1000,0,0,0,0
3028,False,0,0,0,0,0
3029,True,1000,0,0,0,0
3030,False,0,0,0,0,0
3031,False,0,0,0,0,0
3032,False,0,0,0,0,0
3033,True,1000,0,0,0,0
3034,False,0,0,0,0,0
3035,True,1000,0,0,0,0
3036,False,0,0,0,0,0
3037,True,1000,0,0,0,0
3038,True,1000,0,0,0,0
3039,False,0,0,0,0,0
3040,False,0,0,0,0,0
3041,True,1000,0,0,0,0
3042,False,0,0,0,0,0
3043,False,0,0,0,0,0
3044,False,0,0,0,0,0
3045,False,0,0,0,0,0
3046,False,0,0,0,0,0
3047,True,1000,0,0,0,0
3048,True,1000,0,0,0,0
3049,True,1000,0,0,0,0
3050,False,0,0,0,0,0
3051,True,1000,0,0,0,0
3052,False,0,0,0,0,0
3053,True,1000,0,0,0,0
3054,False,0,0,0,0,0
3055,False,0,0,0,0,0
3056,False,0,0,0,0,0
3057,True,1000,0,0,0,0
3058,True,1000,0,0,0,0
3059,True,1000,0,0,0,0
3060,True,1000,0,0,0,0
3061,True,1000,0,0,0,0
3062,True,1000,0,0,0,0
3063,True,1000,0,0,0,0
3064,True,1000,0,0,0,0
3065,True,1000,0,0,0,0
3066,True,1000,0,0,0,0
3067,True,1000,0,0,0,0
3068,False,0,0,0,0,0
3069,True,1000,0,0,0,0
3070,False,0,0,0,0,0
3071,False,0,0,0,0,0
3072,False,0,0,0,0,0
3073,True,1000,0,0,0,0
3074,False,0,0,0,0,0
3075,True,1000,0,0,0,0
3076,False,0,0,0,0,0
3077,False,0,0,0,0,0
3078,False,0,0,0,0,0
3079,True,1000,0,0,0,0
3080,False,0,0,0,0,0
3081,False,0,0,0,0,0
3082,False,0,0,0,0,0
3083,False,0,0,0,0,0
3084,False,0,0,0,0,0
3085,True,1000,0,0,0,0
3086,True,1000,0,0,0,0
3087,False,0,0,0,0,0
3088,True,1000,0,0,0,0
3089,False,0,0,0,0,0
3090,True,1000,0,0,0,0
3091,True,1000,0,0,0,0
3092,False,0,0,0,0,0
3093,True,1000,0,0,0,0
3094,True,1000,0,0,0,0
3095,False,0,0,0,0,0
3096,False,0,0,0,0,0
3097,False,0,0,0,0,0
3098,False,0,0,0,0,0
3099,False,0,0,0,0,0
3100,False,0,0,0,0,0
3101,True,1000,0,0,0,0
3102,False,0,0,0,0,0
3103,True,1000,0,0,0,0
3104,True,1000,0,0,0,0
3105,False,0,0,0,0,0
3106,False,0,0,0,0,0
3107,True,1000,0,0,0,0
3108,True,1000,0,0,0,0
3109,False,0,0,0,0,0
3110,True,1000,0,0,0,0
3111,False,0,0,0,0,0
3112,False,0,0,0,0,0
3113,False,0,0,0,0,0
3114,False,0,0,0,0,0
3115,False,0,0,0,0,0
3116,False,0,0,0,0,0
3117,False,0,0,0,0,0
3118,True,1000,0,0,0,0
3119,True,1000,0,0,0,0
3120,True,1000,0,0,0,0
3121,False,0,0,0,0,0
3122,False,0,0,0,0,0
3123,False,0,0,0,0,0
3124,True,1000,0,0,0,0
3125,False,0,0,0,0,0
3126,True,1000,0,0,0,0
3127,True,1000,0,0,0,0
3128,True,1000,0,0,0,0
3129,True,1000,0,0,0,0
3130,False,0,0,0,0,0
3131,False,0,0,0,0,0
3132,True,1000,0,0,0,0
3133,True,1000,0,0,0,0
3134,False,0,0,0,0,0
3135,True,1000,0,0,0,0
3136,False,0,0,0,0,0
3137,True,1000,0,0,0,0
3138,False,0,0,0,0,0
3139,True,1000,0,0,0,0
3140,True,1000,0,0,0,0
3141,True,1000,0,0,0,0
3142,False,0,0,0,0,0
3143,False,0,0,0,0,0
3144,False,0,0,0,0,0
3145,False,0,0,0,0,0
3146,False,0,0,0,0,0
3147,True,1000,0,0,0,0
3148,False,0,0,0,0,0
3149,False,0,0,0,0,0
3150,False,0,0,0,0,0
3151,False,0,0,0,0,0
3152,False,0,0,0,0,0
3153,True,1000,0,0,0,0
3154,True,1000,0,0,0,0
3155,True,1000,0,0,0,0
3156,False,0,0,0,0,0
3157,False,0,0,0,0,0
3158,True,1000,0,0,0,0
3159,False,0,0,0,0,0
3160,True,1000,0,0,0,0
3161,True,1000,0,0,0,0
3162,True,1000,0,0,0,0
3163,True,1000,0,0,0,0
3164,True,1000,0,0,0,0
3165,True,1000,0,0,0,0
3166,True,1000,0,0,0,0
3167,True,1000,0,0,0,0
3168,False,0,0,0,0,0
3169,True,1000,0,0,0,0
3170,False,0,0,0,0,0
3171,True,1000,0,0,0,0
3172,False,0,0,0,0,0
3173,True,1000,0,0,0,0
3174,False,0,0,0,0,0
3175,False,0,0,0,0,0
3176,False,0,0,0,0,0
3177,True,1000,0,0,0,0
3178,True,1000,0,0,0,0
3179,True,1000,0,0,0,0
3180,True,1000,0,0,0,0
3181,True,1000,0,0,0,0
3182,True,1000,0,0,0,0
3183,True,1000,0,0,0,0
3184,False,0,0,0,0,0
3185,True,1000,0,0,0,0
3186,False,0,0,0,0,0
3187,True,1000,0,0,0,0
3188,False,0,0,0,0,0
3189,True,1000,0,0,0,0
3190,False,0,0,0,0,0
3191,True,1000,0,0,0,0
3192,True,1000,0,0,0,0
3193,False,0,0,0,0,0
3194,False,0,0,0,0,0
3195,True,1000,0,0,0,0
3196,True,1000,0,0,0,0
3197,False,0,0,0,0,0
3198,False,0,0,0,0,0
3199,True,1000,0,0,0,0
3200,False,0,0,0,0,0
3201,False,0,0,0,0,0
3202,False,0,0,0,0,0
3203,True,1000,0,0,0,0
3204,False,0,0,0,0,0
3205,True,1000,0,0,0,0
3206,False,0,0,0,0,0
3207,False,0,0,0,0,0
3208,True,1000,0,0,0,0
3209,True,1000,0,0,0,0
3210,True,1000,0,0,0,0
3211,True,1000,0,0,0,0
3212,True,1000,0,0,0,0
3213,True,1000,0,0,0,0
3214,True,1000,0,0,0,0
3215,True,1000,0,0,0,0
3216,False,0,0,0,0,0
3217,True,1000,0,0,0,0
3218,False,0,0,0,0,0
3219,False,0,0,0,0,0
3220,True,1000,0,0,0,0
3221,False,0,0,0,0,0
3222,True,1000,0,0,0,0
3223,False,0,0,0,0,0
3224,False,0,0,0,0,0
3225,True,1000,0,0,0,0
3226,True,1000,0,0,0,0
3227,True,1000,0,0,0,0
3228,True,1000,0,0,0,0
3229,False,0,0,0,0,0
3230,True,1000,0,0,0,0
3231,True,1000,0,0,0,0
3232,True,1000,0,0,0,0
3233,True,1000,0,0,0,0
3234,False,0,0,0,0,0
3235,True,1000,0,0,0,0
3236,True,1000,0,0,0,0
3237,False,0,0,0,0,0
3238,True,1000,0,0,0,0
3239,False,0,0,0,0,0
3240,True,1000,0,0,0,0
3241,True,1000,0,0,0,0
3242,True,1000,0,0,0,0
3243,True,1000,0,0,0,0
3244,True,1000,0,0,0,0
3245,True,1000,0,0,0,0
3246,False,0,0,0,0,0
3247,True,1000,0,0,0,0
3248,False,0,0,0,0,0
3249,False,0,0,0,0,0
3250,True,1000,0,0,0,0
3251,True,1000,0,0,0,0
3252,True,1000,0,0,0,0
3253,False,0,0,0,0,0
3254,True,1000,0,0,0,0
3255,False,0,0,0,0,0
3256,True,1000,0,0,0,0
3257,True,1000,0,0,0,0
3258,True,1000,0,0,0,0
3259,True,1000,0,0,0,0
3260,False,0,0,0,0,0
3261,False,0,0,0,0,0
3262,False,0,0,0,0,0
3263,True,1000,0,0,0,0
3264,True,1000,0,0,0,0
3265,True,1000,0,0,0,0
3266,False,0,0,0,0,0
3267,False,0,0,0,0,0
3268,False,0,0,0,0,0
3269,True,1000,0,0,0,0
3270,True,1000,0,0,0,0
3271,True,1000,0,0,0,0
3272,False,0,0,0,0,0
3273,False,0,0,0,0,0
3274,False,0,0,0,0,0
3275,False,0,0,0,0,0
3276,True,1000,0,0,0,0
3277,True,1000,0,0,0,0
3278,True,1000,0,0,0,0
3279,True,1000,0,0,0,0
3280,True,1000,0,0,0,0
3281,False,0,0,0,0,0
3282,True,1000,0,0,0,0
3283,True,1000,0,0,0,0
3284,True,1000,0,0,0,0
3285,False,0,0,0,0,0
3286,True,1000,0,0,0,0
3287,True,1000,0,0,0,0
3288,True,1000,0,0,0,0
3289,False,0,0,0,0,0
3290,True,1000,0,0,0,0
3291,False,0,0,0,0,0
3292,True,1000,0,0,0,0
3293,True,1000,0,0,0,0
3294,False,0,0,0,0,0
3295,True,1000,0,0,0,0
3296,True,1000,0,0,0,0
3297,False,0,0,0,0,0
3298,True,1000,0,0,0,0
3299,True,1000,0,0,0,0
3300,True,1000,0,0,0,0
3301,True,1000,0,0,0,0
3302,False,0,0,0,0,0
3303,False,0,0,0,0,0
3304,True,1000,0,0,0,0
3305,True,1000,0,0,0,0
3306,True,1000,0,0,0,0
3307,False,0,0,0,0,0
3308,True,1000,0,0,0,0
3309,True,1000,0,0,0,0
3310,True,1000,0,0,0,0
3311,False,0,0,0,0,0
3312,True,1000,0,0,0,0
3313,True,1000,0,0,0,0
3314,True,1000,0,0,0,0
3315,False,0,0,0,0,0
3316,True,1000,0,0,0,0
3317,True,1000,0,0,0,0
3318,True,1000,0,0,0,0
3319,False,0,0,0,0,0
3320,True,1000,0,0,0,0
3321,True,1000,0,0,0,0
3322,True,1000,0,0,0,0
3323,True,1000,0,0,0,0
3324,True,1000,0,0,0,0
3325,False,0,0,0,0,0
3326,False,0,0,0,0,0
3327,True,1000,0,0,0,0
3328,False,0,0,0,0,0
3329,True,1000,0,0,0,0
3330,True,1000,0,0,0,0
3331,True,1000,0,0,0,0
3332,True,1000,0,0,0,0
3333,True,1000,0,0,0,0
3334,True,1000,0,0,0,0
3335,True,1000,0,0,0,0
3336,False,0,0,0,0,0
3337,False,0,0,0,0,0
3338,True,1000,0,0,0,0
3339,True,1000,0,0,0,0
3340,False,0,0,0,0,0
3341,False,0,0,0,0,0
3342,True,1000,0,0,0,0
3343,True,1000,0,0,0,0
3344,True,1000,0,0,0,0
3345,False,0,0,0,0,0
3346,True,1000,0,0,0,0
3347,True,1000,0,0,0,0
3348,True,1000,0,0,0,0
3349,False,0,0,0,0,0
3350,True,1000,0,0,0,0
3351,True,1000,0,0,0,0
3352,False,0,0,0,0,0
3353,True,1000,0,0,0,0
3354,True,1000,0,0,0,0
3355,False,0,0,0,0,0
3356,True,1000,0,0,0,0
3357,True,1000,0,0,0,0
3358,True,1000,0,0,0,0
3359,True,1000,0,0,0,0
3360,False,0,0,0,0,0
3361,True,1000,0,0,0,0
3362,False,0,0,0,0,0
3363,True,1000,0,0,0,0
3364,True,1000,0,0,0,0
3365,False,0,0,0,0,0
3366,True,1000,0,0,0,0
3367,True,1000,0,0,0,0
3368,False,0,0,0,0,0
3369,True,1000,0,0,0,0
3370,False,0,0,0,0,0
3371,True,1000,0,0,0,0
3372,True,1000,0,0,0,0
3373,True,1000,0,0,0,0
3374,False,0,0,0,0,0
3375,False,0,0,0,0,0
3376,True,1000,0,0,0,0
3377,True,1000,0,0,0,0
3378,False,0,0,0,0,0
3379,True,1000,0,0,0,0
3380,False,0,0,0,0,0
3381,True,1000,0,0,0,0
3382,True,1000,0,0,0,0
3383,False,0,0,0,0,0
3384,True,1000,0,0,0,0
3385,True,1000,0,0,0,0
3386,False,0,0,0,0,0
3387,True,1000,0,0,0,0
3388,False,0,0,0,0,0
3389,True,1000,0,0,0,0
3390,True,1000,0,0,0,0
3391,True,1000,0,0,0,0
3392,True,1000,0,0,0,0
3393,True,1000,0,0,0,0
3394,True,1000,0,0,0,0
3395,True,1000,0,0,0,0
3396,False,0,0,0,0,0
3397,False,0,0,0,0,0
3398,True,1000,0,0,0,0
3399,False,0,0,0,0,0
3400,True,1000,0,0,0,0
3401,False,0,0,0,0,0
3402,True,1000,0,0,0,0
3403,True,1000,0,0,0,0
3404,True,1000,0,0,0,0
3405,True,1000,0,0,0,0
3406,True,1000,0,0,0,0
3407,True,1000,0,0,0,0
3408,False,0,0,0,0,0
3409,True,1000,0,0,0,0
3410,False,0,0,0,0,0
3411,True,1000,0,0,0,0
3412,False,0,0,0,0,0
3413,False,0,0,0,0,0
3414,True,1000,0,0,0,0
3415,True,1000,0,0,0,0
3416,True,1000,0,0,0,0
3417,False,0,0,0,0,0
3418,False,0,0,0,0,0
3419,False,0,0,0,0,0
3420,True,1000,0,0,0,0
3421,True,1000,0,0,0,0
3422,False,0,0,0,0,0
3423,True,1000,0,0,0,0
3424,True,1000,0,0,0,0
3425,True,1000,0,0,0,0
3426,True,1000,0,0,0,0
3427,True,1000,0,0,0,0
3428,True,1000,0,0,0,0
3429,False,0,0,0,0,0
3430,False,0,0,0,0,0
3431,True,1000,0,0,0,0
3432,False,0,0,0,0,0
3433,False,0,0,0,0,0
3434,True,1000,0,0,0,0
3435,True,1000,0,0,0,0
3436,True,1000,0,0,0,0
3437,True,1000,0,0,0,0
3438,True,1000,0,0,0,0
3439,True,1000,0,0,0,0
3440,False,0,0,0,0,0
3441,False,0,0,0,0,0
3442,True,1000,0,0,0,0
3443,True,1000,0,0,0,0
3444,False,0,0,0,0,0
3445,True,1000,0,0,0,0
3446,True,1000,0,0,0,0
3447,False,0,0,0,0,0
3448,True,1000,0,0,0,0
3449,False,0,0,0,0,0
3450,True,1000,0,0,0,0
3451,True,1000,0,0,0,0
3452,False,0,0,0,0,0
3453,True,1000,0,0,0,0
3454,False,0,0,0,0,0
3455,False,0,0,0,0,0
3456,False,0,0,0,0,0
3457,False,0,0,0,0,0
3458,True,1000,0,0,0,0
3459,True,1000,0,0,0,0
3460,False,0,0,0,0,0
3461,True,1000,0,0,0,0
3462,True,1000,0,0,0,0
3463,False,0,0,0,0,0
3464,False,0,0,0,0,0
3465,False,0,0,0,0,0
3466,False,0,0,0,0,0
3467,True,1000,0,0,0,0
3468,False,0,0,0,0,0
3469,True,1000,0,0,0,0
3470,True,1000,0,0,0,0
3471,True,1000,0,0,0,0
3472,True,1000,0,0,0,0
3473,True,1000,0,0,0,0
3474,True,1000,0,0,0,0
3475,True,1000,0,0,0,0
3476,True,1000,0,0,0,0
3477,True,1000,0,0,0,0
3478,True,1000,0,0,0,0
3479,True,1000,0,0,0,0
3480,True,1000,0,0,0,0
3481,True,1000,0,0,0,0
3482,True,1000,0,0,0,0
3483,True,1000,0,0,0,0
3484,True,1000,0,0,0,0
3485,True,1000,0,0,0,0
3486,True,1000,0,0,0,0
3487,False,0,0,0,0,0
3488,False,0,0,0,0,0
3489,True,1000,0,0,0,0
3490,False,0,0,0,0,0
3491,True,1000,0,0,0,0
3492,False,0,0,0,0,0
3493,True,1000,0,0,0,0
3494,True,1000,0,0,0,0
3495,True,1000,0,0,0,0
3496,True,1000,0,0,0,0
3497,True,1000,0,0,0,0
3498,True,1000,0,0,0,0
3499,True,1000,0,0,0,0
3500,True,1000,0,0,0,0
3501,True,1000,0,0,0,0
3502,True,1000,0,0,0,0
3503,False,0,0,0,0,0
3504,False,0,0,0,0,0
3505,False,0,0,0,0,0
3506,False,0,0,0,0,0
3507,False,0,0,0,0,0
3508,False,0,0,0,0,0
3509,False,0,0,0,0,0
3510,False,0,0,0,0,0
3511,False,0,0,0,0,0
3512,False,0,0,0,0,0
3513,True,1000,0,0,0,0
3514,False,0,0,0,0,0
3515,False,0,0,0,0,0
3516,False,0,0,0,0,0
3517,False,0,0,0,0,0
3518,False,0,0,0,0,0
3519,False,0,0,0,0,0
3520,False,0,0,0,0,0
3521,False,0,0,0,0,0
3522,False,0,0,0,0,0
3523,False,0,0,0,0,0
3524,False,0,0,0,0,0
3525,False,0,0,0,0,0
3526,False,0,0,0,0,0
3527,False,0,0,0,0,0
3528,False,0,0,0,0,0
3529,False,0,0,0,0,0
3530,False,0,0,0,0,0
3531,False,0,0,0,0,0
3532,False,0,0,0,0,0
3533,False,0,0,0,0,0
3534,False,0,0,0,0,0
3535,False,0,0,0,0,0
3536,True,1000,0,0,0,0
3537,False,0,0,0,0,0
3538,False,0,0,0,0,0
3539,False,0,0,0,0,0
3540,False,0,0,0,0,0
3541,False,0,0,0,0,0
3542,False,0,0,0,0,0
3543,True,1000,0,0,0,0
3544,False,0,0,0,0,0
3545,True,1000,0,0,0,0
3546,False,0,0,0,0,0
3547,False,0,0,0,0,0
3548,False,0,0,0,0,0
3549,False,0,0,0,0,0
3550,True,1000,0,0,0,0
3551,True,1000,0,0,0,0
3552,False,0,0,0,0,0
3553,False,0,0,0,0,0
3554,False,0,0,0,0,0
3555,False,0,0,0,0,0
3556,False,0,0,0,0,0
3557,False,0,0,0,0,0
3558,False,0,0,0,0,0
3559,False,0,0,0,0,0
3560,False,0,0,0,0,0
3561,False,0,0,0,0,0
3562,False,0,0,0,0,0
3563,True,1000,0,0,0,0
3564,False,0,0,0,0,0
3565,False,0,0,0,0,0
3566,False,0,0,0,0,0
3567,False,0,0,0,0,0
3568,False,0,0,0,0,0
3569,False,0,0,0,0,0
3570,False,0,0,0,0,0
3571,False,0,0,0,0,0
3572,False,0,0,0,0,0
3573,False,0,0,0,0,0
3574,False,0,0,0,0,0
3575,False,0,0,0,0,0
3576,False,0,0,0,0,0
3577,False,0,0,0,0,0
3578,False,0,0,0,0,0
3579,False,0,0,0,0,0
3580,False,0,0,0,0,0
3581,False,0,0,0,0,0
3582,False,0,0,0,0,0
3583,False,0,0,0,0,0
3584,True,1000,0,0,0,0
3585,False,0,0,0,0,0
3586,False,0,0,0,0,0
3587,False,0,0,0,0,0
3588,False,0,0,0,0,0
3589,False,0,0,0,0,0
3590,False,0,0,0,0,0
3591,False,0,0,0,0,0
3592,False,0,0,0,0,0
3593,False,0,0,0,0,0
3594,False,0,0,0,0,0
3595,False,0,0,0,0,0
3596,False,0,0,0,0,0
3597,False,0,0,0,0,0
3598,True,1000,0,0,0,0
3599,False,0,0,0,0,0
3600,False,0,0,0,0,0
3601,False,0,0,0,0,0
3602,False,0,0,0,0,0
3603,False,0,0,0,0,0
3604,True,1000,0,0,0,0
3605,False,0,0,0,0,0
3606,False,0,0,0,0,0
3607,False,0,0,0,0,0
3608,False,0,0,0,0,0
3609,False,0,0,0,0,0
3610,False,0,0,0,0,0
3611,False,0,0,0,0,0
3612,False,0,0,0,0,0
3613,False,0,0,0,0,0
3614,False,0,0,0,0,0
3615,True,1000,0,0,0,0
3616,False,0,0,0,0,0
3617,False,0,0,0,0,0
3618,False,0,0,0,0,0
3619,False,0,0,0,0,0
3620,False,0,0,0,0,0
3621,False,0,0,0,0,0
3622,False,0,0,0,0,0
3623,False,0,0,0,0,0
3624,False,0,0,0,0,0
3625,False,0,0,0,0,0
3626,True,1000,0,0,0,0
3627,False,0,0,0,0,0
3628,False,0,0,0,0,0
3629,False,0,0,0,0,0
3630,False,0,0,0,0,0
3631,False,0,0,0,0,0
3632,False,0,0,0,0,0
3633,False,0,0,0,0,0
3634,False,0,0,0,0,0
3635,False,0,0,0,0,0
3636,True,1000,0,0,0,0
3637,False,0,0,0,0,0
3638,False,0,0,0,0,0
3639,False,0,0,0,0,0
3640,False,0,0,0,0,0
3641,False,0,0,0,0,0
3642,False,0,0,0,0,0
3643,False,0,0,0,0,0
3644,False,0,0,0,0,0
3645,False,0,0,0,0,0
3646,False,0,0,0,0,0
3647,False,0,0,0,0,0
3648,False,0,0,0,0,0
3649,False,0,0,0,0,0
3650,False,0,0,0,0,0
3651,False,0,0,0,0,0
3652,False,0,0,0,0,0
3653,False,0,0,0,0,0
3654,False,0,0,0,0,0
3655,False,0,0,0,0,0
3656,False,0,0,0,0,0
3657,False,0,0,0,0,0
3658,False,0,0,0,0,0
3659,True,1000,0,0,0,0
3660,False,0,0,0,0,0
3661,False,0,0,0,0,0
3662,False,0,0,0,0,0
3663,False,0,0,0,0,0
3664,False,0,0,0,0,0
3665,False,0,0,0,0,0
3666,False,0,0,0,0,0
3667,False,0,0,0,0,0
3668,False,0,0,0,0,0
3669,False,0,0,0,0,0
3670,False,0,0,0,0,0
3671,False,0,0,0,0,0
3672,False,0,0,0,0,0
3673,False,0,0,0,0,0
3674,False,0,0,0,0,0
3675,False,0,0,0,0,0
3676,True,1000,0,0,0,0
3677,False,0,0,0,0,0
3678,False,0,0,0,0,0
3679,False,0,0,0,0,0
3680,False,0,0,0,0,0
3681,False,0,0,0,0,0
3682,False,0,0,0,0,0
3683,False,0,0,0,0,0
3684,False,0,0,0,0,0
3685,False,0,0,0,0,0
3686,False,0,0,0,0,0
3687,False,0,0,0,0,0
3688,False,0,0,0,0,0
3689,False,0,0,0,0,0
3690,False,0,0,0,0,0
3691,False,0,0,0,0,0
3692,False,0,0,0,0,0
3693,False,0,0,0,0,0
3694,False,0,0,0,0,0
3695,False,0,0,0,0,0
3696,True,1000,0,0,0,0
3697,False,0,0,0,0,0
3698,False,0,0,0,0,0
3699,False,0,0,0,0,0
3700,False,0,0,0,0,0
3701,False,0,0,0,0,0
3702,False,0,0,0,0,0
3703,False,0,0,0,0,0
3704,False,0,0,0,0,0
3705,False,0,0,0,0,0
3706,False,0,0,0,0,0
3707,False,0,0,0,0,0
3708,False,0,0,0,0,0
3709,True,1000,0,0,0,0
3710,False,0,0,0,0,0
3711,False,0,0,0,0,0
3712,False,0,0,0,0,0
3713,False,0,0,0,0,0
3714,False,0,0,0,0,0
3715,False,0,0,0,0,0
3716,False,0,0,0,0,0
3717,False,0,0,0,0,0
3718,False,0,0,0,0,0
3719,False,0,0,0,0,0
3720,False,0,0,0,0,0
3721,False,0,0,0,0,0
3722,False,0,0,0,0,0
3723,False,0,0,0,0,0
3724,False,0,0,0,0,0
3725,False,0,0,0,0,0
3726,True,1000,0,0,0,0
3727,False,0,0,0,0,0
3728,False,0,0,0,0,0
3729,False,0,0,0,0,0
3730,False,0,0,0,0,0
3731,False,0,0,0,0,0
3732,False,0,0,0,0,0
3733,False,0,0,0,0,0
3734,True,1000,0,0,0,0
3735,False,0,0,0,0,0
3736,False,0,0,0,0,0
3737,False,0,0,0,0,0
3738,False,0,0,0,0,0
3739,False,0,0,0,0,0
3740,False,0,0,0,0,0
3741,False,0,0,0,0,0
3742,False,0,0,0,0,0
3743,False,0,0,0,0,0
3744,False,0,0,0,0,0
3745,False,0,0,0,0,0
3746,False,0,0,0,0,0
3747,False,0,0,0,0,0
3748,True,1000,0,0,0,0
3749,False,0,0,0,0,0
3750,False,0,0,0,0,0
3751,False,0,0,0,0,0
3752,False,0,0,0,0,0
3753,False,0,0,0,0,0
3754,False,0,0,0,0,0
3755,True,1000,0,0,0,0
3756,False,0,0,0,0,0
3757,False,0,0,0,0,0
3758,False,0,0,0,0,0
3759,False,0,0,0,0,0
3760,False,0,0,0,0,0
3761,False,0,0,0,0,0
3762,False,0,0,0,0,0
3763,False,0,0,0,0,0
3764,True,1000,0,0,0,0
3765,False,0,0,0,0,0
3766,False,0,0,0,0,0
3767,False,0,0,0,0,0
3768,False,0,0,0,0,0
3769,False,0,0,0,0,0
3770,False,0,0,0,0,0
3771,False,0,0,0,0,0
3772,False,0,0,0,0,0
3773,False,0,0,0,0,0
3774,False,0,0,0,0,0
3775,False,0,0,0,0,0
3776,False,0,0,0,0,0
3777,False,0,0,0,0,0
3778,False,0,0,0,0,0
3779,False,0,0,0,0,0
3780,False,0,0,0,0,0
3781,False,0,0,0,0,0
3782,False,0,0,0,0,0
3783,False,0,0,0,0,0
3784,False,0,0,0,0,0
3785,False,0,0,0,0,0
3786,False,0,0,0,0,0
3787,False,0,0,0,0,0
3788,False,0,0,0,0,0
3789,False,0,0,0,0,0
3790,False,0,0,0,0,0
3791,False,0,0,0,0,0
3792,False,0,0,0,0,0
3793,False,0,0,0,0,0
3794,False,0,0,0,0,0
3795,True,1000,0,0,0,0
3796,False,0,0,0,0,0
3797,False,0,0,0,0,0
3798,False,0,0,0,0,0
3799,False,0,0,0,0,0
3800,False,0,0,0,0,0
3801,False,0,0,0,0,0
3802,False,0,0,0,0,0
3803,False,0,0,0,0,0
3804,True,1000,0,0,0,0
3805,True,1000,0,0,0,0
3806,False,0,0,0,0,0
3807,False,0,0,0,0,0
3808,False,0,0,0,0,0
3809,False,0,0,0,0,0
3810,False,0,0,0,0,0
3811,False,0,0,0,0,0
3812,False,0,0,0,0,0
3813,False,0,0,0,0,0
3814,True,1000,0,0,0,0
3815,False,0,0,0,0,0
3816,False,0,0,0,0,0
3817,False,0,0,0,0,0
3818,False,0,0,0,0,0
3819,False,0,0,0,0,0
3820,False,0,0,0,0,0
3821,True,1000,0,0,0,0
3822,False,0,0,0,0,0
3823,False,0,0,0,0,0
3824,False,0,0,0,0,0
3825,True,1000,0,0,0,0
3826,False,0,0,0,0,0
3827,False,0,0,0,0,0
3828,False,0,0,0,0,0
3829,True,1000,0,0,0,0
3830,False,0,0,0,0,0
3831,True,1000,0,0,0,0
3832,False,0,0,0,0,0
3833,False,0,0,0,0,0
3834,False,0,0,0,0,0
3835,True,1000,0,0,0,0
3836,False,0,0,0,0,0
3837,False,0,0,0,0,0
3838,False,0,0,0,0,0
3839,False,0,0,0,0,0
3840,False,0,0,0,0,0
3841,False,0,0,0,0,0
3842,False,0,0,0,0,0
3843,True,1000,0,0,0,0
3844,False,0,0,0,0,0
3845,False,0,0,0,0,0
3846,False,0,0,0,0,0
3847,False,0,0,0,0,0
3848,False,0,0,0,0,0
3849,False,0,0,0,0,0
3850,False,0,0,0,0,0
3851,False,0,0,0,0,0
3852,False,0,0,0,0,0
3853,False,0,0,0,0,0
3854,False,0,0,0,0,0
3855,False,0,0,0,0,0
3856,False,0,0,0,0,0
3857,False,0,0,0,0,0
3858,False,0,0,0,0,0
3859,False,0,0,0,0,0
3860,False,0,0,0,0,0
3861,False,0,0,0,0,0
3862,False,0,0,0,0,0
3863,False,0,0,0,0,0
3864,False,0,0,0,0,0
3865,False,0,0,0,0,0
3866,False,0,0,0,0,0
3867,False,0,0,0,0,0
3868,False,0,0,0,0,0
3869,False,0,0,0,0,0
3870,False,0,0,0,0,0
3871,False,0,0,0,0,0
3872,False,0,0,0,0,0
3873,False,0,0,0,0,0
3874,False,0,0,0,0,0
3875,False,0,0,0,0,0
3876,False,0,0,0,0,0
3877,False,0,0,0,0,0
3878,True,1000,0,0,0,0
3879,False,0,0,0,0,0
3880,False,0,0,0,0,0
3881,False,0,0,0,0,0
3882,False,0,0,0,0,0
3883,False,0,0,0,0,0
3884,True,1000,0,0,0,0
3885,False,0,0,0,0,0
3886,False,0,0,0,0,0
3887,False,0,0,0,0,0
3888,False,0,0,0,0,0
3889,False,0,0,0,0,0
3890,True,1000,0,0,0,0
3891,False,0,0,0,0,0
3892,False,0,0,0,0,0
3893,False,0,0,0,0,0
3894,False,0,0,0,0,0
3895,False,0,0,0,0,0
3896,True,1000,0,0,0,0
3897,True,1000,0,0,0,0
3898,False,0,0,0,0,0
3899,False,0,0,0,0,0
3900,False,0,0,0,0,0
3901,False,0,0,0,0,0
3902,False,0,0,0,0,0
3903,False,0,0,0,0,0
3904,False,0,0,0,0,0
3905,False,0,0,0,0,0
3906,False,0,0,0,0,0
3907,False,0,0,0,0,0
3908,False,0,0,0,0,0
3909,False,0,0,0,0,0
3910,False,0,0,0,0,0
3911,False,0,0,0,0,0
3912,False,0,0,0,0,0
3913,True,1000,0,0,0,0
3914,True,1000,0,0,0,0
3915,False,0,0,0,0,0
3916,False,0,0,0,0,0
3917,False,0,0,0,0,0
3918,False,0,0,0,0,0
3919,False,0,0,0,0,0
3920,False,0,0,0,0,0
3921,False,0,0,0,0,0
3922,False,0,0,0,0,0
3923,False,0,0,0,0,0
3924,False,0,0,0,0,0
3925,False,0,0,0,0,0
3926,True,1000,0,0,0,0
3927,False,0,0,0,0,0
3928,False,0,0,0,0,0
3929,False,0,0,0,0,0
3930,False,0,0,0,0,0
3931,False,0,0,0,0,0
3932,False,0,0,0,0,0
3933,False,0,0,0,0,0
3934,False,0,0,0,0,0
3935,True,1000,0,0,0,0
3936,True,1000,0,0,0,0
3937,True,1000,0,0,0,0
3938,True,1000,0,0,0,0
3939,False,0,0,0,0,0
3940,False,0,0,0,0,0
3941,False,0,0,0,0,0
3942,False,0,0,0,0,0
3943,False,0,0,0,0,0
3944,False,0,0,0,0,0
3945,True,1000,0,0,0,0
3946,True,1000,0,0,0,0
3947,True,1000,0,0,0,0
3948,False,0,0,0,0,0
3949,False,0,0,0,0,0
3950,False,0,0,0,0,0
3951,False,0,0,0,0,0
3952,False,0,0,0,0,0
3953,True,1000,0,0,0,0
3954,True,1000,0,0,0,0
3955,False,0,0,0,0,0
3956,False,0,0,0,0,0
3957,False,0,0,0,0,0
3958,False,0,0,0,0,0
3959,False,0,0,0,0,0
3960,True,1000,0,0,0,0
3961,True,1000,0,0,0,0
3962,False,0,0,0,0,0
3963,False,0,0,0,0,0
3964,False,0,0,0,0,0
3965,True,1000,0,0,0,0
3966,False,0,0,0,0,0
3967,False,0,0,0,0,0
3968,False,0,0,0,0,0
3969,True,1000,0,0,0,0
3970,False,0,0,0,0,0
3971,False,0,0,0,0,0
3972,False,0,0,0,0,0
3973,False,0,0,0,0,0
3974,True,1000,0,0,0,0
3975,False,0,0,0,0,0
3976,True,1000,0,0,0,0
3977,False,0,0,0,0,0
3978,False,0,0,0,0,0
3979,False,0,0,0,0,0
3980,False,0,0,0,0,0
3981,True,1000,0,0,0,0
3982,False,0,0,0,0,0
3983,False,0,0,0,0,0
3984,False,0,0,0,0,0
3985,True,1000,0,0,0,0
3986,True,1000,0,0,0,0
3987,False,0,0,0,0,0
3988,True,1000,0,0,0,0
3989,False,0,0,0,0,0
3990,True,1000,0,0,0,0
3991,False,0,0,0,0,0
3992,True,1000,0,0,0,0
3993,False,0,0,0,0,0
3994,False,0,0,0,0,0
3995,False,0,0,0,0,0
3996,False,0,0,0,0,0
3997,False,0,0,0,0,0
3998,True,1000,0,0,0,0
3999,False,0,0,0,0,0
4000,False,0,0,0,0,0
4001,True,1000,0,0,0,0
4002,True,1000,0,0,0,0
4003,False,0,0,0,0,0
4004,False,0,0,0,0,0
4005,False,0,0,0,0,0
4006,False,0,0,0,0,0
4007,False,0,0,0,0,0
4008,False,0,0,0,0,0
4009,False,0,0,0,0,0
4010,False,0,0,0,0,0
4011,True,1000,0,0,0,0
4012,False,0,0,0,0,0
4013,False,0,0,0,0,0
4014,False,0,0,0,0,0
4015,False,0,0,0,0,0
4016,False,0,0,0,0,0
4017,True,1000,0,0,0,0
4018,False,0,0,0,0,0
4019,False,0,0,0,0,0
4020,False,0,0,0,0,0
4021,False,0,0,0,0,0
4022,False,0,0,0,0,0
4023,False,0,0,0,0,0
4024,False,0,0,0,0,0
4025,True,1000,0,0,0,0
4026,False,0,0,0,0,0
4027,False,0,0,0,0,0
4028,False,0,0,0,0,0
4029,False,0,0,0,0,0
4030,False,0,0,0,0,0
4031,False,0,0,0,0,0
4032,False,0,0,0,0,0
4033,False,0,0,0,0,0
4034,True,1000,0,0,0,0
4035,False,0,0,0,0,0
4036,False,0,0,0,0,0
4037,False,0,0,0,0,0
4038,False,0,0,0,0,0
4039,False,0,0,0,0,0
4040,False,0,0,0,0,0
4041,False,0,0,0,0,0
4042,False,0,0,0,0,0
4043,True,1000,0,0,0,0
4044,True,1000,0,0,0,0
4045,False,0,0,0,0,0
4046,False,0,0,0,0,0
4047,False,0,0,0,0,0
4048,False,0,0,0,0,0
4049,False,0,0,0,0,0
4050,True,1000,0,0,0,0
4051,True,1000,0,0,0,0
4052,True,1000,0,0,0,0
4053,False,0,0,0,0,0
4054,True,1000,0,0,0,0
4055,False,0,0,0,0,0
4056,False,0,0,0,0,0
4057,False,0,0,0,0,0
4058,False,0,0,0,0,0
4059,True,1000,0,0,0,0
4060,False,0,0,0,0,0
4061,True,1000,0,0,0,0
4062,False,0,0,0,0,0
4063,False,0,0,0,0,0
4064,True,1000,0,0,0,0
4065,True,1000,0,0,0,0
4066,False,0,0,0,0,0
4067,False,0,0,0,0,0
4068,False,0,0,0,0,0
4069,False,0,0,0,0,0
4070,False,0,0,0,0,0
4071,True,1000,0,0,0,0
4072,True,1000,0,0,0,0
4073,False,0,0,0,0,0
4074,False,0,0,0,0,0
4075,True,1000,0,0,0,0
4076,True,1000,0,0,0,0
4077,False,0,0,0,0,0
4078,False,0,0,0,0,0
4079,False,0,0,0,0,0
4080,False,0,0,0,0,0
4081,False,0,0,0,0,0
4082,False,0,0,0,0,0
4083,False,0,0,0,0,0
4084,True,1000,0,0,0,0
4085,False,0,0,0,0,0
4086,True,1000,0,0,0,0
4087,True,1000,0,0,0,0
4088,False,0,0,0,0,0
4089,True,1000,0,0,0,0
4090,False,0,0,0,0,0
4091,True,1000,0,0,0,0
4092,False,0,0,0,0,0
4093,False,0,0,0,0,0
4094,False,0,0,0,0,0
4095,False,0,0,0,0,0
4096,False,0,0,0,0,0
4097,True,1000,0,0,0,0
4098,False,0,0,0,0,0
4099,False,0,0,0,0,0
4100,False,0,0,0,0,0
4101,False,0,0,0,0,0
4102,False,0,0,0,0,0
4103,True,1000,0,0,0,0
4104,True,1000,0,0,0,0
4105,False,0,0,0,0,0
4106,False,0,0,0,0,0
4107,False,0,0,0,0,0
4108,False,0,0,0,0,0
4109,True,1000,0,0,0,0
4110,False,0,0,0,0,0
4111,False,0,0,0,0,0
4112,True,1000,0,0,0,0
4113,False,0,0,0,0,0
4114,False,0,0,0,0,0
4115,True,1000,0,0,0,0
4116,False,0,0,0,0,0
4117,False,0,0,0,0,0
4118,True,1000,0,0,0,0
4119,False,0,0,0,0,0
4120,False,0,0,0,0,0
4121,False,0,0,0,0,0
4122,True,1000,0,0,0,0
4123,True,1000,0,0,0,0
4124,False,0,0,0,0,0
4125,True,1000,0,0,0,0
4126,True,1000,0,0,0,0
4127,False,0,0,0,0,0
4128,False,0,0,0,0,0
4129,True,1000,0,0,0,0
4130,False,0,0,0,0,0
4131,True,1000,0,0,0,0
4132,False,0,0,0,0,0
4133,False,0,0,0,0,0
4134,True,1000,0,0,0,0
4135,False,0,0,0,0,0
4136,True,1000,0,0,0,0
4137,True,1000,0,0,0,0
4138,True,1000,0,0,0,0
4139,False,0,0,0,0,0
4140,False,0,0,0,0,0
4141,False,0,0,0,0,0
4142,False,0,0,0,0,0
4143,False,0,0,0,0,0
4144,True,1000,0,0,0,0
4145,False,0,0,0,0,0
4146,True,1000,0,0,0,0
4147,False,0,0,0,0,0
4148,True,1000,0,0,0,0
4149,True,1000,0,0,0,0
4150,False,0,0,0,0,0
4151,False,0,0,0,0,0
4152,False,0,0,0,0,0
4153,False,0,0,0,0,0
4154,False,0,0,0,0,0
4155,False,0,0,0,0,0
4156,False,0,0,0,0,0
4157,False,0,0,0,0,0
4158,False,0,0,0,0,0
4159,False,0,0,0,0,0
4160,True,1000,0,0,0,0
4161,False,0,0,0,0,0
4162,False,0,0,0,0,0
4163,False,0,0,0,0,0
4164,False,0,0,0,0,0
4165,False,0,0,0,0,0
4166,False,0,0,0,0,0
4167,False,0,0,0,0,0
4168,False,0,0,0,0,0
4169,False,0,0,0,0,0
4170,False,0,0,0,0,0
4171,True,1000,0,0,0,0
4172,False,0,0,0,0,0
4173,False,0,0,0,0,0
4174,False,0,0,0,0,0
4175,True,1000,0,0,0,0
4176,False,0,0,0,0,0
4177,False,0,0,0,0,0
4178,False,0,0,0,0,0
4179,False,0,0,0,0,0
4180,False,0,0,0,0,0
4181,False,0,0,0,0,0
4182,False,0,0,0,0,0
4183,False,0,0,0,0,0
4184,False,0,0,0,0,0
4185,False,0,0,0,0,0
4186,False,0,0,0,0,0
4187,True,1000,0,0,0,0
4188,False,0,0,0,0,0
4189,False,0,0,0,0,0
4190,False,0,0,0,0,0
4191,False,0,0,0,0,0
4192,False,0,0,0,0,0
4193,False,0,0,0,0,0
4194,False,0,0,0,0,0
4195,False,0,0,0,0,0
4196,False,0,0,0,0,0
4197,False,0,0,0,0,0
4198,False,0,0,0,0,0
4199,False,0,0,0,0,0
4200,False,0,0,0,0,0
4201,True,1000,0,0,0,0
4202,True,1000,0,0,0,0
4203,True,1000,0,0,0,0
4204,False,0,0,0,0,0
4205,False,0,0,0,0,0
4206,False,0,0,0,0,0
4207,False,0,0,0,0,0
4208,False,0,0,0,0,0
4209,False,0,0,0,0,0
4210,False,0,0,0,0,0
4211,True,1000,0,0,0,0
4212,False,0,0,0,0,0
4213,False,0,0,0,0,0
4214,False,0,0,0,0,0
4215,False,0,0,0,0,0
4216,False,0,0,0,0,0
4217,True,1000,0,0,0,0
4218,False,0,0,0,0,0
4219,False,0,0,0,0,0
4220,False,0,0,0,0,0
4221,False,0,0,0,0,0
4222,False,0,0,0,0,0
4223,True,1000,0,0,0,0
4224,False,0,0,0,0,0
4225,True,1000,0,0,0,0
4226,False,0,0,0,0,0
4227,False,0,0,0,0,0
4228,False,0,0,0,0,0
4229,False,0,0,0,0,0
4230,False,0,0,0,0,0
4231,False,0,0,0,0,0
4232,True,1000,0,0,0,0
4233,False,0,0,0,0,0
4234,False,0,0,0,0,0
4235,False,0,0,0,0,0
4236,False,0,0,0,0,0
4237,False,0,0,0,0,0
4238,False,0,0,0,0,0
4239,False,0,0,0,0,0
4240,False,0,0,0,0,0
4241,False,0,0,0,0,0
4242,True,1000,0,0,0,0
4243,False,0,0,0,0,0
4244,False,0,0,0,0,0
4245,False,0,0,0,0,0
4246,False,0,0,0,0,0
4247,False,0,0,0,0,0
4248,False,0,0,0,0,0
4249,False,0,0,0,0,0
4250,False,0,0,0,0,0
4251,False,0,0,0,0,0
4252,True,1000,0,0,0,0
4253,False,0,0,0,0,0
4254,False,0,0,0,0,0
4255,False,0,0,0,0,0
4256,False,0,0,0,0,0
4257,False,0,0,0,0,0
4258,False,0,0,0,0,0
4259,True,1000,0,0,0,0
4260,True,1000,0,0,0,0
4261,False,0,0,0,0,0
4262,True,1000,0,0,0,0
4263,False,0,0,0,0,0
4264,False,0,0,0,0,0
4265,True,1000,0,0,0,0
4266,False,0,0,0,0,0
4267,False,0,0,0,0,0
4268,True,1000,0,0,0,0
4269,False,0,0,0,0,0
4270,False,0,0,0,0,0
4271,True,1000,0,0,0,0
4272,False,0,0,0,0,0
4273,True,1000,0,0,0,0
4274,False,0,0,0,0,0
4275,False,0,0,0,0,0
4276,True,1000,0,0,0,0
4277,False,0,0,0,0,0
4278,False,0,0,0,0,0
4279,False,0,0,0,0,0
4280,False,0,0,0,0,0
4281,False,0,0,0,0,0
4282,False,0,0,0,0,0
4283,False,0,0,0,0,0
4284,True,1000,0,0,0,0
4285,False,0,0,0,0,0
4286,False,0,0,0,0,0
4287,False,0,0,0,0,0
4288,False,0,0,0,0,0
4289,True,1000,0,0,0,0
4290,False,0,0,0,0,0
4291,False,0,0,0,0,0
4292,False,0,0,0,0,0
4293,False,0,0,0,0,0
4294,False,0,0,0,0,0
4295,False,0,0,0,0,0
4296,False,0,0,0,0,0
4297,False,0,0,0,0,0
4298,False,0,0,0,0,0
4299,False,0,0,0,0,0
4300,False,0,0,0,0,0
4301,True,1000,0,0,0,0
4302,False,0,0,0,0,0
4303,True,1000,0,0,0,0
4304,False,0,0,0,0,0
4305,False,0,0,0,0,0
4306,False,0,0,0,0,0
4307,True,1000,0,0,0,0
4308,False,0,0,0,0,0
4309,True,1000,0,0,0,0
4310,True,1000,0,0,0,0
4311,True,1000,0,0,0,0
4312,True,1000,0,0,0,0
4313,False,0,0,0,0,0
4314,False,0,0,0,0,0
4315,True,1000,0,0,0,0
4316,False,0,0,0,0,0
4317,False,0,0,0,0,0
4318,False,0,0,0,0,0
4319,True,1000,0,0,0,0
4320,False,0,0,0,0,0
4321,False,0,0,0,0,0
4322,False,0,0,0,0,0
4323,False,0,0,0,0,0
4324,False,0,0,0,0,0
4325,False,0,0,0,0,0
4326,False,0,0,0,0,0
4327,False,0,0,0,0,0
4328,False,0,0,0,0,0
4329,False,0,0,0,0,0
4330,False,0,0,0,0,0
4331,True,1000,0,0,0,0
4332,False,0,0,0,0,0
4333,False,0,0,0,0,0
4334,False,0,0,0,0,0
4335,False,0,0,0,0,0
4336,False,0,0,0,0,0
4337,False,0,0,0,0,0
4338,False,0,0,0,0,0
4339,False,0,0,0,0,0
4340,True,1000,0,0,0,0
4341,False,0,0,0,0,0
4342,False,0,0,0,0,0
4343,False,0,0,0,0,0
4344,False,0,0,0,0,0
4345,False,0,0,0,0,0
4346,False,0,0,0,0,0
4347,False,0,0,0,0,0
4348,False,0,0,0,0,0
4349,False,0,0,0,0,0
4350,False,0,0,0,0,0
4351,True,1000,0,0,0,0
4352,False,0,0,0,0,0
4353,False,0,0,0,0,0
4354,False,0,0,0,0,0
4355,False,0,0,0,0,0
4356,False,0,0,0,0,0
4357,False,0,0,0,0,0
4358,False,0,0,0,0,0
4359,False,0,0,0,0,0
4360,False,0,0,0,0,0
4361,False,0,0,0,0,0
4362,False,0,0,0,0,0
4363,False,0,0,0,0,0
4364,False,0,0,0,0,0
4365,False,0,0,0,0,0
4366,False,0,0,0,0,0
4367,False,0,0,0,0,0
4368,False,0,0,0,0,0
4369,False,0,0,0,0,0
4370,False,0,0,0,0,0
4371,False,0,0,0,0,0
4372,False,0,0,0,0,0
4373,False,0,0,0,0,0
4374,False,0,0,0,0,0
4375,False,0,0,0,0,0
4376,False,0,0,0,0,0
4377,False,0,0,0,0,0
4378,False,0,0,0,0,0
4379,False,0,0,0,0,0
4380,False,0,0,0,0,0
4381,False,0,0,0,0,0
4382,False,0,0,0,0,0
4383,False,0,0,0,0,0
4384,False,0,0,0,0,0
4385,False,0,0,0,0,0
4386,False,0,0,0,0,0
4387,False,0,0,0,0,0
4388,False,0,0,0,0,0
4389,False,0,0,0,0,0
4390,False,0,0,0,0,0
4391,False,0,0,0,0,0
4392,False,0,0,0,0,0
4393,False,0,0,0,0,0
4394,True,1000,0,0,0,0
4395,False,0,0,0,0,0
4396,False,0,0,0,0,0
4397,False,0,0,0,0,0
4398,False,0,0,0,0,0
4399,False,0,0,0,0,0
4400,False,0,0,0,0,0
4401,False,0,0,0,0,0
4402,False,0,0,0,0,0
4403,False,0,0,0,0,0
4404,False,0,0,0,0,0
4405,True,1000,0,0,0,0
4406,False,0,0,0,0,0
4407,False,0,0,0,0,0
4408,False,0,0,0,0,0
4409,False,0,0,0,0,0
4410,False,0,0,0,0,0
4411,False,0,0,0,0,0
4412,False,0,0,0,0,0
4413,False,0,0,0,0,0
4414,False,0,0,0,0,0
4415,True,1000,0,0,0,0
4416,False,0,0,0,0,0
4417,False,0,0,0,0,0
4418,False,0,0,0,0,0
4419,False,0,0,0,0,0
4420,False,0,0,0,0,0
4421,True,1000,0,0,0,0
4422,False,0,0,0,0,0
4423,False,0,0,0,0,0
4424,False,0,0,0,0,0
4425,False,0,0,0,0,0
4426,False,0,0,0,0,0
4427,False,0,0,0,0,0
4428,False,0,0,0,0,0
4429,False,0,0,0,0,0
4430,False,0,0,0,0,0
4431,False,0,0,0,0,0
4432,False,0,0,0,0,0
4433,False,0,0,0,0,0
4434,False,0,0,0,0,0
4435,False,0,0,0,0,0
4436,False,0,0,0,0,0
4437,False,0,0,0,0,0
4438,False,0,0,0,0,0
4439,False,0,0,0,0,0
4440,False,0,0,0,0,0
4441,False,0,0,0,0,0
4442,False,0,0,0,0,0
4443,False,0,0,0,0,0
4444,False,0,0,0,0,0
4445,True,1000,0,0,0,0
4446,False,0,0,0,0,0
4447,False,0,0,0,0,0
4448,False,0,0,0,0,0
4449,False,0,0,0,0,0
4450,True,1000,0,0,0,0
4451,False,0,0,0,0,0
4452,False,0,0,0,0,0
4453,False,0,0,0,0,0
4454,False,0,0,0,0,0
4455,True,1000,0,0,0,0
4456,False,0,0,0,0,0
4457,False,0,0,0,0,0
4458,False,0,0,0,0,0
4459,False,0,0,0,0,0
4460,True,1000,0,0,0,0
4461,False,0,0,0,0,0
4462,True,1000,0,0,0,0
4463,False,0,0,0,0,0
4464,False,0,0,0,0,0
4465,False,0,0,0,0,0
4466,False,0,0,0,0,0
4467,False,0,0,0,0,0
4468,False,0,0,0,0,0
4469,False,0,0,0,0,0
4470,False,0,0,0,0,0
4471,False,0,0,0,0,0
4472,False,0,0,0,0,0
4473,True,1000,0,0,0,0
4474,False,0,0,0,0,0
4475,False,0,0,0,0,0
4476,False,0,0,0,0,0
4477,False,0,0,0,0,0
4478,False,0,0,0,0,0
4479,False,0,0,0,0,0
4480,False,0,0,0,0,0
4481,False,0,0,0,0,0
4482,False,0,0,0,0,0
4483,False,0,0,0,0,0
4484,False,0,0,0,0,0
4485,False,0,0,0,0,0
4486,False,0,0,0,0,0
4487,False,0,0,0,0,0
4488,False,0,0,0,0,0
4489,False,0,0,0,0,0
4490,False,0,0,0,0,0
4491,False,0,0,0,0,0
4492,False,0,0,0,0,0
4493,False,0,0,0,0,0
4494,False,0,0,0,0,0
4495,False,0,0,0,0,0
4496,False,0,0,0,0,0
4497,False,0,0,0,0,0
4498,False,0,0,0,0,0
4499,False,0,0,0,0,0
4500,False,0,0,0,0,0
4501,False,0,0,0,0,0
4502,False,0,0,0,0,0
4503,False,0,0,0,0,0
4504,False,0,0,0,0,0
4505,False,0,0,0,0,0
4506,False,0,0,0,0,0
4507,False,0,0,0,0,0
4508,False,0,0,0,0,0
4509,False,0,0,0,0,0
4510,False,0,0,0,0,0
4511,False,0,0,0,0,0
4512,False,0,0,0,0,0
4513,False,0,0,0,0,0
4514,False,0,0,0,0,0
4515,False,0,0,0,0,0
4516,False,0,0,0,0,0
4517,False,0,0,0,0,0
4518,False,0,0,0,0,0
4519,False,0,0,0,0,0
4520,False,0,0,0,0,0
4521,False,0,0,0,0,0
4522,False,0,0,0,0,0
4523,False,0,0,0,0,0
4524,False,0,0,0,0,0
4525,True,1000,0,0,0,0
4526,False,0,0,0,0,0
4527,False,0,0,0,0,0
4528,False,0,0,0,0,0
4529,False,0,0,0,0,0
4530,False,0,0,0,0,0
4531,False,0,0,0,0,0
4532,False,0,0,0,0,0
4533,False,0,0,0,0,0
4534,False,0,0,0,0,0
4535,False,0,0,0,0,0
4536,False,0,0,0,0,0
4537,False,0,0,0,0,0
4538,False,0,0,0,0,0
4539,False,0,0,0,0,0
4540,True,1000,0,0,0,0
4541,False,0,0,0,0,0
4542,False,0,0,0,0,0
4543,False,0,0,0,0,0
4544,False,0,0,0,0,0
